-- phpMyAdmin SQL Dump
-- version 5.2.1
-- https://www.phpmyadmin.net/
--
-- Host: 127.0.0.1
-- Generation Time: Oct 30, 2023 at 09:48 PM
-- Server version: 10.4.28-MariaDB
-- PHP Version: 8.0.28

SET SQL_MODE = "NO_AUTO_VALUE_ON_ZERO";
START TRANSACTION;
SET time_zone = "+00:00";


/*!40101 SET @OLD_CHARACTER_SET_CLIENT=@@CHARACTER_SET_CLIENT */;
/*!40101 SET @OLD_CHARACTER_SET_RESULTS=@@CHARACTER_SET_RESULTS */;
/*!40101 SET @OLD_COLLATION_CONNECTION=@@COLLATION_CONNECTION */;
/*!40101 SET NAMES utf8mb4 */;

--
-- Database: `book-look`
--

-- --------------------------------------------------------

--
-- Table structure for table `admin`
--

CREATE TABLE `admin` (
  `aemail` varchar(255) NOT NULL
) ENGINE=InnoDB DEFAULT CHARSET=utf8mb4 COLLATE=utf8mb4_general_ci;

-- --------------------------------------------------------

--
-- Table structure for table `appointment`
--

CREATE TABLE `appointment` (
  `appoid` int(11) NOT NULL,
  `c_id` int(11) NOT NULL,
  `scheduledate` date DEFAULT NULL,
  `scheduletime` time NOT NULL,
  `s_id` int(11) NOT NULL,
  `service_id` int(11) NOT NULL,
  `payment_method` int(11) NOT NULL
) ENGINE=InnoDB DEFAULT CHARSET=utf8mb4 COLLATE=utf8mb4_general_ci;

--
-- Dumping data for table `appointment`
--

INSERT INTO `appointment` (`appoid`, `c_id`, `scheduledate`, `scheduletime`, `s_id`, `service_id`, `payment_method`) VALUES
(1, 7, '2023-11-05', '12:00:00', 8, 10, 0),
(2, 7, '2023-11-05', '12:00:00', 8, 10, 0),
(3, 7, '2023-11-05', '12:00:00', 8, 10, 0),
(4, 7, '2023-11-06', '12:00:00', 8, 5, 0),
(5, 7, '2023-11-06', '12:00:00', 8, 4, 0),
(6, 7, '2023-11-06', '13:00:00', 8, 4, 0),
(7, 7, '2023-11-06', '12:00:00', 8, 4, 0),
(8, 7, '2023-10-29', '10:00:00', 8, 4, 0),
(9, 7, '2023-10-29', '09:00:00', 8, 3, 0);

-- --------------------------------------------------------

--
-- Table structure for table `client`
--

CREATE TABLE `client` (
  `c_id` int(11) NOT NULL,
  `c_email` varchar(255) NOT NULL,
  `c_name` varchar(255) DEFAULT NULL
) ENGINE=InnoDB DEFAULT CHARSET=utf8mb4 COLLATE=utf8mb4_general_ci;

--
-- Dumping data for table `client`
--

INSERT INTO `client` (`c_id`, `c_email`, `c_name`) VALUES
(7, 'test123@gmail.com', 'Test Account');

-- --------------------------------------------------------

--
-- Table structure for table `members`
--

CREATE TABLE `members` (
  `m_id` int(11) NOT NULL,
  `m_email` varchar(255) NOT NULL,
  `m_number` varchar(20) NOT NULL,
  `m_name` varchar(255) DEFAULT NULL,
  `m_password` varchar(255) DEFAULT NULL,
  `role` char(1) DEFAULT NULL
) ENGINE=InnoDB DEFAULT CHARSET=utf8mb4 COLLATE=utf8mb4_general_ci;

--
-- Dumping data for table `members`
--

INSERT INTO `members` (`m_id`, `m_email`, `m_number`, `m_name`, `m_password`, `role`) VALUES
(7, 'test123@gmail.com', '012', 'Test Account', '123', 'C'),
(8, '1@gmail.com', '123456789', 'Name', '123', 'S'),
(14, 'aaba@mail.com', '012', 'Christian A', '123', 'S'),
(15, '21212@gmail.com', '012', 'Christian B', '123', 'S');

-- --------------------------------------------------------

--
-- Table structure for table `services`
--

CREATE TABLE `services` (
  `service_id` int(11) NOT NULL,
  `service_name` varchar(255) NOT NULL,
  `service_price` int(11) NOT NULL,
  `service_details` text NOT NULL
) ENGINE=InnoDB DEFAULT CHARSET=utf8mb4 COLLATE=utf8mb4_general_ci;

--
-- Dumping data for table `services`
--

INSERT INTO `services` (`service_id`, `service_name`, `service_price`, `service_details`) VALUES
(2, 'Haircut', 25, 'A nice haircut'),
(3, 'Haircut2', 252, 'A nice haircu2'),
(4, 'Haircut2', 252, 'A nice haircu2'),
(5, 'd', 12, 'd'),
(6, 'AAA', 222, 'AA'),
(7, 'd', 22, 'aa'),
(8, 'd', 22, 'aa'),
(9, 'd', 323, 'a'),
(10, 'AD', 443, 'DDEA'),
(11, 'a', 23, 'd'),
(12, 'Haircut', 30, 'good haircut'),
(13, 'a', 21, 'd'),
(14, 'AA', 21, '2'),
(15, 'AAAA', 25, '21'),
(16, 'FFRA', 2551, '21');

-- --------------------------------------------------------

--
-- Table structure for table `stylist`
--

CREATE TABLE `stylist` (
  `s_id` int(11) NOT NULL,
  `s_email` varchar(255) NOT NULL,
  `s_name` varchar(255) DEFAULT NULL,
  `sln_name` varchar(255) DEFAULT NULL,
  `sln_info` text NOT NULL,
  `sln_address` varchar(255) NOT NULL,
  `image_url` longblob DEFAULT NULL
) ENGINE=InnoDB DEFAULT CHARSET=utf8mb4 COLLATE=utf8mb4_general_ci;

--
-- Dumping data for table `stylist`
--

INSERT INTO `stylist` (`s_id`, `s_email`, `s_name`, `sln_name`, `sln_info`, `sln_address`, `image_url`) VALUES
(8, '1@gmail.com', 'Young', 'dd', 'My happy place.', '123 Address City, Munster IN 46321', 0xffd8ffe000104a46494600010100025802580000ffdb008400080606070605080707070909080a0c140d0c0b0b0c1912130f141d1a1f1e1d1a1c1c20242e2720222c231c1c2837292c30313434341f27393d38323c2e333432010909090c0b0c180d0d1832211c213232323232323232323232323232323232323232323232323232323232323232323232323232323232323232323232323232ffc200110800c800c803012200021101031101ffc4003000010002030101010000000000000000000004050206070103080101010100000000000000000000000000000102ffda000c03010002100310000000efe00000000000000000000000001e1ea37c49eaec89e8d20f40000000000031f8d41320e2d64280658a2c2c75efa4b7e8f225000000011fed4558786b20000000657349f496fd8e59a00000f0adafcb1d642806b553aa1b55bf3e2766689bda8005859ebdb066fa25000469300ab1bc80853684e6e2c04759e4dd225be0a02ea96d259e3340015d6300ab1bc80abb4f0e34b3ac401d4b41ea2be8005956da4b3c668002349f0d75963ac85011f51dbe98d6e74d925c48f87dc0005d53ec19be8940000acafd868acf99e6a79a556d119e020567b66a08ec99736e90be9f42659e396340000008f206bba7f4ae2da94e35800001bbe91712f50b948cec200000000469239a693fa07e767e7a765a8b398ba3fdce6323aeec0738e8525341000000000000000000000000000000000000000000007fffc4004010000201020206040b06040700000000000102030411000506122031415121307181132232425261627291a1c10710141653d115234060173444557392e1ffda0008010100013f00fed4660a2ec401cce1ebe9d3cfd6f745f07348fcd8d8f6d863f8a0fd23ff006c0cd23f3a361d96384afa77f3f57de16c2b06175208f57f432489129676007af13666492215b0f48e1e4790ddd8b1f59da491e337462a7d4710e664584cb71e90c47224abac8c08f575d535694ebcdcee5c4b33ccdaced7e4380eaa299e17d6436e6381c52d5a542f271bd7acaba914f1f373e48c33b3b166372779eb11d918329b30dc7149522a23e4e3ca1d54922c485d8d80189a569e52edc770e43ae86568650ebc378e6311c8b2a075370475399cd7610a9e81d2db44802e4d86fb9c665a674548e62a58cd5b8e82c0eaa0efe3dd8fcf75daf7fc1d36af2bb5fe37c65ba674556e22aa8cd239e80c5b590f7f0efc0208b8371bee36b2c988630b1e83d2bd4330552c77017c48e64919cef637dad2dcfde79df2da57b4286d3303e5b7a3d83e676344b3f78274cb6a9ef0b9b42cc7c86f47b0fc8ed46e63915c79a6f8560ca186e22e36ebdf5291bdaf176b37ac397e5155543ca48cea7bc7a07cce0924dc9249de4f1d80483704823711c3194561cc328a5aa3e54918d6f78741f98daa07d7a44f67c5dbcd0da18d79b6d698dff2dcd6fd44bfc76b43aff96e1bfea3dbe3b5959bc2e3936de69e4c5da76b48e9cd4e8f56a28bb04d703dd37fa6d68e539a6d1ea24616629ae47bc6ff005dacafc997b46de682f0c6dc9b6880c08201045883c719ee51265198bc441f00e4b42dcd79768ddb191651266f98a4563e0108699f92f2ed3bb00050028000160070dacac5a173cdb6ebd35e91bd9f1b6eb6869b30a66a7aa884919e07783cc1e07159a0ae1cb5155a95e0930b11de3f6c7e4acdeffe9adcfc2ffe628f415cb035b56a178a422e4f79fdb145434d97d32d3d2c4238c701bc9e64f13b7409a9489ed78db6ca194a9dc45b12218e4643bd4db6aaab6968935eaaa238579bb5af89f4cf2884d91a698fb11d87c4db1f9ee86ffe4ea6dcfc5fdf10699e5131b3b4d09f6e3b8f88be296b696b535e96a23997d86bdbbb86d46864915079c6d8550aa146e02c3a8cce1b30994741e86d892448636925754451766636006338d3391cb41958d44dc6761d27dd1c3b4e259649e532cd234921dece6e4f7ec452c904a2586468e41b990d88c64fa67221583341ae87a04ea3c61ef0e3da3a711c89346b244eae8c2eaca6e08d8cb21258ccc3a0742f53246b2a146170462689a094a370dc798fb9d95119d885551724ee031a45a43266d3986162b4487c55dde10fa47e83a8d1dd2093299c433316a273e32efd43e90fa8c23aba2ba3065617046e23ee86269a508bc779e4311c6b120451600755574c2a23e4e3c938646462ac2c46f18d35cd8c51265b0b59a41af311e8f05efdfd568566c6589f2c99aed18d7849f478af76fc2233b0551763b862929853c7cdcf947aca9a54a85e9e861b986349a9330a6ceea1b308591e572c877ab2f0d53c7a2dd568cd2661539dd3b65f0b3bc4e19db72aaf1d63c3a2f8a6a54a71d1d2c77b1ebabb2fa5cca99a9eb2049a26deac3e6391f5e339fb369a32d2e5137845dfe0263661d8db8f7e2b282af2f94c5594d2c0fca45b5fb0ee3b547415798ca22a3a69677e51adedda770c64df66f2c8565cde611a6ff0109bb1ed6dc3bb14397d2e5b4cb4f47024312ee551f33ccfaffa19a08aa2331cd1248877aba861f038acd05c82ac93f83f00c78c0e53e5bbe589becc2818ff002730aa8c726556fa0c7f85d17fbb496ff807ef887ecc2814ff003b30aa90725555fa1c51e82e8fd2107f07e1d8719dcbfcb77cb10c1153c62386248d06e5450a0770fed5ffc4001a110100030101010000000000000000000001112030004012ffda0008010201013f00f1c641d148b85d2c60ead0c5d5a9b0cd5e59c27a7a4efae9f7ff00ffc4001b11000203010101000000000000000000000111002030104021ffda0008010301013f00f1bddecf274190e8a1c463f282a78f43518a8a23145eff00ffd9),
(14, 'aaba@mail.com', 'Christian A', NULL, '', '', 0x89504e470d0a1a0a0000000d49484452000003b6000003760806000000cd12152c0000001974455874536f6674776172650041646f626520496d616765526561647971c9653c0000036869545874584d4c3a636f6d2e61646f62652e786d7000000000003c3f787061636b657420626567696e3d22efbbbf222069643d2257354d304d7043656869487a7265537a4e54637a6b633964223f3e203c783a786d706d65746120786d6c6e733a783d2261646f62653a6e733a6d6574612f2220783a786d70746b3d2241646f626520584d5020436f726520352e332d633031312036362e3134353636312c20323031322f30322f30362d31343a35363a32372020202020202020223e203c7264663a52444620786d6c6e733a7264663d22687474703a2f2f7777772e77332e6f72672f313939392f30322f32322d7264662d73796e7461782d6e7323223e203c7264663a4465736372697074696f6e207264663a61626f75743d222220786d6c6e733a786d704d4d3d22687474703a2f2f6e732e61646f62652e636f6d2f7861702f312e302f6d6d2f2220786d6c6e733a73745265663d22687474703a2f2f6e732e61646f62652e636f6d2f7861702f312e302f73547970652f5265736f75726365526566232220786d6c6e733a786d703d22687474703a2f2f6e732e61646f62652e636f6d2f7861702f312e302f2220786d704d4d3a4f726967696e616c446f63756d656e7449443d22786d702e6469643a31323645443441373738323236383131383038334342453443394330333632412220786d704d4d3a446f63756d656e7449443d22786d702e6469643a31443342393245433246374331314533383646424133313038453135343144422220786d704d4d3a496e7374616e636549443d22786d702e6969643a31443342393245423246374331314533383646424133313038453135343144422220786d703a43726561746f72546f6f6c3d2241646f62652050686f746f73686f702043533620284d6163696e746f736829223e203c786d704d4d3a4465726976656446726f6d2073745265663a696e7374616e636549443d22786d702e6969643a3133364544344137373832323638313138303833434245344339433033363241222073745265663a646f63756d656e7449443d22786d702e6469643a3132364544344137373832323638313138303833434245344339433033363241222f3e203c2f7264663a4465736372697074696f6e3e203c2f7264663a5244463e203c2f783a786d706d6574613e203c3f787061636b657420656e643d2272223f3e87d74bb700003d0e4944415478daecdd0db05e757d27f07f994cca64b3d96c86326c36a6cf66d3348d699ac618639ae235c5801111584454c4577c43a0888e55ea3a0c75694ba963915a9652444450c4174440c48810698c6ca488698cd9f496cd5286cd66539a61d94c86eeefcf39b7097049ee7ddece39cff3f9cc7c2701b595af0f97fbbde79cfff9857ffee77f4e000000d05447a800000000c3160000000c5b000000306c010000306c010000c0b005000000c3160000000c5b0000000c5b000000306c010000c0b005000000c316000000c3160000000c5b000000306c010000306c010000c0b0050000802a4ca9fabfc02b4746fcaf00403bfffc9a1599199971d0ef67957ffc6fcb5f8f8c4c8f4c2b7f9f7fa0bbffa03f1e93fffcd365c67ee8fb54f9ef1dfbf34f46f6957ffee0e43fff7f237bcadfe73c11d95bfe7e77f9fb3de5ff1d0068acefdd738f610bc0c098550eb65e985efedf9f1b6995bfbe28727499d9e5f86cd5b097fb9f33900f1eca4f9783f78972e4e6fcef83fe7857d9e9eef28ff7fa980180610b40f7ad8a1c1ff951e4b60eff6fe5aba6c744e6471647fe636441f9c7558cd6fcd73376b5f5a9f2d7ff53fefa643934c7aec48efdebfbcb7f2d8fd6b1abb993bd2a7b64f9cfe3230ecaf472c48ffdff357201c0b005a00b83f6ed91e32217b4396af3589d570ed717471646d6f6e9bfffdd91c753715574ec4a69fee3c7ca5f7376a76a6e157ecac70b000c5b007a674de40d070dd0b744364cf03f9baf44ae882c8ffc7a2aaeca2eafe8afe3d5a9b8ba0a0018b6000c89d5917796bfe62bac5bcb3fbeff30ffb9a32227467eb3fccfadabc95f4fbe527c44f9cfbdfd0765ecf6e17d070500306c0168b07c50d34591959125e59fdb1639e730a3f6e4c86b53f18cecea1afe75fd6c02ff9ef5a9b81579ff38e3373feb9a6f61fec774e0e0a79cb1839ec66e71368c01c0b005a0c27f1e5c1c3921b2eca03fbf2315cfd4ae1fe73f9387ef5b53f1fc6d7ed5cec28677b0a6c3fffca68386703e586aecd9ddff19793415cff3e65f7726affd0100c31680ae3a33f291543c039b9e336a3f1ab9fd397ffeb4c87b527118d47cf5fd8b1513fcf76d2b07f0e365c77f5ffefa4864b4fc1500306c0198803c4aff281557685be3fceb9744be5cfe3ebf57f6acc8d9a9784d4f4b7d6d5b50feba2832f29c7f6db4fc75cf4163f7efca5fb797bf3ea14200306c01865d3eadf8fd91730f3350bf5a8edf0b53718bb231db7b0777bc749c7f3d0fdfc7cb919bf3f3545c017eac1cc3462f00862d00032fbfb627df763c91e749ff515db51cbe39e3ddf6bca91cbe397f57fefa68995daa03c0b005a0e9a6a7e2b4e333922baf836ac50b0cde7cf0d72365c69ee71d1bc00060d802d008f9ea6cbe9d789d2a86f67fffe7caaf6e1abb9a9bc7ee96c8c3a938b119000c5b006ae5f7226f49c541453066d5387f6e432adecb9bc7ee4f230f94d9af2e000c5b00aa30237265647572eb3113b37a9c3f97afece603a936477e58feb1e77501306c01e8b9e5914fbdc05081c918bbb27b42f96bbe5d796f2a0eaaba2f726f2a4e690600c31680ae393d727164a12ae881c5e5af2b23e7a5e200aa7c05375fc9fd7e39745dd105c0b005a06dbf1b393fb9f598fe6995597ed0d0cdf95e2a4e63de6ae80260d80230519744ce346aa9c9d01d49c59d03f9d542f950aa7cdbf203e5d07d4a4d0018b6003c577e9ef664a3961a9a57e6acf28f6f8dfc752a0ea3cacfe9ee511100862d009f8e9c64d4d2102795c9ee8a3c540eddfcfbbdea01c0b005183e9719b534d8da32d9dda93871f98e72e40280610b30043e1939cda865401c5726bf56e8d1543c977b7564a76a00306c0106d37b236f326a19400bcbac899c1ad91eb93ef255d500702847a800a051f2ad9b1718b50c81fccedc7c28dae591bf897c2c324b2d008cc7155b80e63826f291c8025530445ae5af4b2267476e8b5c978ad70701c0335cb105688e4fa4e2164d18e691fb81c8cd65f233b9d3d40280610bd00cebca6fe28162e0e6c3d3ee2807ee99c96dca00862d00b5f7d1e4b95a184ffea14f3e60eac6c8fb23d3550260d802503ff96ad41c35c021e583d5ae8cdc12394f1d00862d00f5f2e1e46a2d4c66e0e693c3bf9b8a2bb80018b60054ecacc80c35c0a4b45271d0da85e5c0f57c3ac080f3ba1f807a7b6b72b516da35af4cfe7b68532a4e16dfa61680c1e38a2d407d2d2bbf29073a1fb86744be1db92439600ac0b005a06fde905cad856eca7f3ffd7ee4fb9153d50160d802d07bab55003d91ef86b83c726d64893a000c5b007a634164a61aa0675a91b745be14f9a03a000c5b00ba6f6564911aa0e71646ce4dc5fb6f57a803a0999c8a0c504f2f5101f44dab4c3e64eae6c87f510980610bc0c4e53b67e6448e8acc4a076e3f76e508fa6f69f9f7e04b53711577a74a000c5b009efdf5361f52936f2f7e71f9ebbcf2cf2f540fd4462b1db87a7b69e426950018b600c36a6a6455e495916323739377d242932c29876dbe7a7ba13a000c5b8061313db23cf2bac8ba549c6c0c34572b15efbb5d508edb6d2a01306c010655beb2331279432aaed20283356e73f21d171745beae1200c31660504c4bc555d95747d694dff802832b3f17ffa9543c13ff87ea00306c019aec98c89b22af889ca40e182aadc87b222f8a5c10d9a71200c316a0496697dfc8e6d7f01cab0e18ea71fbfef26bc28723db550260d802d4ddd1918f445627ef96050e38b9fcfa90c7edfdea00a8d6112a0018577e86f692c877231f346a8171e4c3e2ae4ec5f3f60018b600b5f28ec80f23bf1f59ac0ee010f2a1525746ce54054075dc8a0c70403edd385fa5cdcfceb5d4014c50abfcda3133f219750018b60055c8efa7cc07439d68d0021d8cdb0b234746fe441d00862d403fbd2b726e64892a802e8cdb73ca71fb07ea00306c017a6d41e4a39191e42a2dd0dd71fbcec82f463eae0e00c316a057f2212ff92aad938e815e8ddbb1c3a48c5b00c316a0eb2e4fc5fb27e7a902e8c3b8fd7fc96dc900862d4097cc4dc52b391627b71e03fd1bb7f9b6e4fd913f540780610bd08991545ca95da60aa08271fb9ec8dee45540003d73840a8001775ae45aa316a878dce657019da90a00c31660b2de1bb92cb9f518a8c7b8bd24b24e1500862dc0449d17f988510bd46cdc7e3ab24a1500862dc0e17c307241f94de468e4cf23bf13f905d500159b1fb922f9a11b4057393c0a1834f9f6e373cbdfff452a9eafdd54fef11cf50035909ff9ff6ce475917dea00e89c2bb6c020393d15b71fdf1b796de47d078dda95915b5404d4c40991abd40060d8021c2c0fd7e3537105e4ad91870ffad75647ae8eac5013502323918bd500d039b7220383626be49de3fcf93c6af3edc8f35504d44c2b7256e4e7912fa803a07daed8028362cf387f6e99510b3460dc7e38b9a304c0b00578816f16af316a810658928a5b9267aa02c0b0051873642aaed42e5505d010f930a9cbd50060d8028cb9321587b20034c99ac8796a00306c01ce2bbf3904689a56e4fcc872550018b6c0f0ca87afbcaffce610a089e6453eed7b3400c316184ef9f565f964d185aa001a6e55e40a350018b6c0f0c9b7209fa6066040ac8d9ca10600c316181e0b226f55033040f2abcace8d1ca30a00c316180ef99bbf256a00064cbe25f932350018b6c0707ce377a21a8001fe1af736350018b6c060cb0746b5d4000ca87c4af2d9c92dc900862d30b0f2958ca56a0086e06bddc7d50060d80283e9a2e46a2d301c4e88ac530380610b0c96e591456a008644be25f9139169aa00306c81c1714e72b516182e2b221f520380610b0c867c88ca2a350043e8edc9dd2a00862d3010de1759a0066008b52297aa01c0b0059aef381500436c49e42c350018b640739d14394a0dc0106b45ce550380610b34d76b92db9001f20ff82e510380610b34cf14a316e019ad54dcc1324f1500862dd02c6b22236a0078467ed6f642350018b640b3ac5401c0b38c24af3f03306c8146f95515003c4b7ea7edd96a000c5b8066981399ab0680e71989ac550360d802d45f3e346ab51a009ea7955cb5050c5b804698af028017b43c72821a00c316a0de7e5905002fa81539570d80610b506fb355007048f92029cfda02862d404dcd881ca30680436a453eac06c0b005a8a759c9b363001391cf2370d516306c016a68860a0026a415b9500d80610b60d80234597e3dda1a3500862d40bd4c2d7fdd117959e4175502f0825a91f3d50018b600f51cb6b74636454e5409c0212d8eac540360d802d4473e3ceae1c8a5e51f9fa21280439a1739470d80610b50afaf55d7461e2fff78814a000e6b692a4e4906306c016ae00b913f2d7f7f5c64ba4a000e2bdf8efc3e3500862d40fdfc7664911a0026645564b61a00c316a05e16ab0060c2f20152a7ab01306c01ea636ee41835004ccaef44a6a801306c01ea215f7958a5068049c9af485ba706c0b005a88797a800a02daf530160d802d4434b05006dc977bc2c510360d802543f6ae7aa01a02df934f9b56a000c5b80eabf295ba90680b6bd21790f3860d802546aa10a003ab23c32a206c0b005a8ceafaa00a0636f560160d802546356649e1a003a961fe998a306c0b005e8bffc4dd8716a00e8582b72961a00c316a0ff9c860cd03da7a800306c01fa6f810a00bae6a8c8b16a000c5b80fefa351500744d2bf21e3500862d40ffe4772e7ad50f40772d8b4c530360d802f4473e1179b51a00ba2affc0f00c3500862d407f38380aa0371c220518b6007d325f05003d31d7d758c0b005e80f074701f4c692c8696a000c5b80de733501a0775eae02c0b005e8fdd7a8961a007a267f8d5dae06c0b005e89dfcaa9f656a00e8997c3bf21a3500862d40efcc560140cfbd440580610bd03b0b5400d097afb58bd50018b600bd314705003db734b2520d80610bd01b2f5201405fb81d19306c017ac4155b80fec8874839d700306c017a60ae0a00fa625564911a00c316a0fb8e560140df789f2d60d802f4c0912a00e89b9747a6a801306c01bae7181500f4d549bef602862d4077e5db905b6a00e8ab252a000c5b80ee394a05007df7721500862d40f738380aa0ff56aa00306c01ba67a60a00fa6ebeafbf80610bd03db35400d077adc8323500862d4077fc5b150054c2edc880610bd025335400508997a800306c01ba63ba0a002ab1580580610b60d80234d9d4e43de280610bd015d3540050893c6a1d200518b6005d70a40a002af31b2a000c5b80ce4d5501406596a800306c017c7d0268b2f92a007ce308d039b722035427df35334b0d80610be0eb1340532d2803e01b4700001a6b910a00c316c0d7278026fb151500be710400a0c95a2a000c5b00009a6cb60a00c316a0334fab00a0524ea7070c5b00001a2dbff2c7555bc0b00500a0b19646e6a801306c01dae7566480eacd530160d802b4ef29150054ceadc880610bd081fd2a00a8dc2fa900306c010c5b80263b5a0580610bd0be7d2a00a8dc0c1500862d40fb3c630b503defb2050c5b800e3ca10200c316c0b0050c5b003a3135b91d19306c01dab6470500953b3632530d80610bd09e7f5201402d4c570160d802b4c7adc800f5e05664c0b005306c011acd155bc0b0056893676c010c5b00c3166834576c01ea61aa0a00c316a03dbb5500500bd3540018b600ed795c0500b570a40a00c316a0fd613baa0600df2f02f8420534d5fec8d36a0000c0b0059acc73b600d5732b3260d80274e0311500546e8a0a00c316a07d8faa000000c316683227230354cf7b6c01c316a003ffa00280caed530160d802b4cfadc8000018b640a3ed540140e5bc7a0d306c010c5b80467b4a0580610bd0be3d911d6a00a8d47e1500862d40fbf25502efb20500c0b0051acd155b806ab91519306c013ae4395b806a3da902c0b005e8ccff500180610b60d8024de6566400c316c0b0051aed111500546aaf0a00c316a033bb55005029576c01c316a0434f44ee560340655cb1050c5b800ee52b056e4706a8c68654fc8011c0b005e89057fe0054635ff2480860d80274c5dfa900a0b2610b60d80274812bb600d5784a0580610bd01d8fa900a012aed802862d40973c9a9c8c0c5005cfd702862d4017bfb1723b3240ffed520160d802748f57fe00f4df3fa800306c01bae7ef5500d077ce38000c5b802e72c516a0ff1e550160d80274cf8ec8263500f4cde6e47c03c0b005e8fab075e500a07ff61bb680610bd07d862d407f872d80610bd0650e9002e81faffa010c5b801e785805007d33aa02c0b005e8be2d918d6a00e88bffae02c0b005e8bed1c86e3500f4c50e1500862d406f3ca602809edb5e06c0b005e8819fa800a0e79e8e6c550360d802f4c6032a00e8b93d2a000c5b80de0edb4d6a00e8a96d2a000c5b80de792a39400aa0d77ea602c0b005e8ad075500d0539eaf050c5b801efba10a007a6634f2901a00c316a0b73624cf7f01f492afb180610bd063bb92e76c017a65540580610bd01f1b5500d013ce31000c5b803ef99e0a007ae2272a000c5b80fec8cfd98eaa01a0eb5cb1050c5b803ec9cfd83ea60680aeda911c1c0518b6007d758f0a00ba2a8fdabd6a000c5b80fef9ae0a00baca6dc880610bd067f964e41d6a00e89a1fab00306c01fa2bdf2ef7b01a00bae6211500862d40ff7d5f05005d717f64a71a00c316a0ffee55014057e4e76b1d1c0518b60015d81e79400d001df37c2d60d80254644f2a6e9f03a0335b550018b600d5f96b15007464432aee8001306c012a929f0b73a501a07ddb228fa901306c01aa9347add7fe00b4efa72a000c5b80eafd4805006d7b500580610b50bd4d2a0068cb7ac316306c01ea21bff2e74e35004c5a3e346ab71a00c316a07a7b93e76c01daf1131500862d407d78ed0fc0e46c8edca306c0b005a88fbb23f7aa0160c21e4dee76010c5b805a792215ef620460621c1a0518b60035f41de3166042b644bea50660104c51013060be1c393fb240150087f47864e3417f3c3b3237322d15173ff25d30f9b4e4edaa020c5b80de985d6666f94dd8bec8ae545cad1d8dac5211c021ed28bf56be36d22abfa61efb9c7fcffd919d911f47feb2fc3a0b60d802746079e4cda9b81a3bd37805e8c83bca1ccad8d7d9d323af897c33f2c7aa030c5b80c95b12b9b81cb48bd4015089d59139911747deaa0ec0b00598b8f322e746e6ab02a072adf2d71b5271070d402d381519a8b37c95f602a316a076e336dfa2fc315500862dc0a17d2072563a707500807a8ddbb74716aa02306c01c6b73872a1510b506bf96e9a8faa01306c01c677b1510bd008cb92abb680610bf03c2391a56a0068847c87cd1bd50018b600cff696c83c350034c6121500862dc001d353f1ae5a009a636ef28e71c0b005f817f9f511abd500d028f9395b8f9000862d40c9374600cde47de380610b50fa65150034d2bf530160d8021466aa00a0918e8a4c510360d802be1e15874701d03ca7f91a0e18b600c5d5da93d400d0485f8dec550360d802c36e960a001aebf1c87e3500862d30ecdcc206d05c7fab02c0b0054869860a001a6bb30a00c31620a5235500d048774636a901306c01529aaa0280467a38b24f0d80610b60d80234d1d6c8b7d40018b600862d4053ed8cdca306c0b005284c510140e3dca702c0b005f0f508a0a9b6443ea706c0379200073cad028046d91679440d80610b70801335019a6334f2253500862d80610bd0544f466e520360d8023cdb7e150034c69d2a000c5b80e77b5205008d301ab9560d80610bf07c7b5500d008f9ddb50fab01306c019e6f8f0a001ae17a1500862dc0f87645d6ab01a0d64623b7a901306c01c6b73bb96a0b50771b238faa01306c010e3d6e01a8afafa900306c010ecd155b80fada1ed9a406c0b00538b4bf5701406d6d48c533b600862dc0216c5501406ddda702c0b00538bcfc5ec4fbd500503bf9078f6e43060c5b8009782cf2841a006ae7a154fcf011c0b0059880475400503b1e15010c5b8049f8810a006ae7c72a000c5b8089bb27f2a01a006a239f86ecf95ac0b00598847c2bf2e36a00a88d1d9147d50018b60093f33d1500d4c6a80a00c31660f2bee21b2980daf07c2d60d802b461bb610b500b1b239bd50018b600edb951050095db93bc860d306c01da765372d516a06a8fa900306c01daf744e44e350054eaa72a000c5b80ce7c36b96a0b5025ef15070c5b800e3d14b95f0d0095d85c7e1d06306c013a744d72d516a00afb228fab01306c013ab73eb9150ea00abb550018b600dd73830a00fa6e8b0a00c316a07bbe1eb94b0d007df5331500862d40f7ec4faeda02f4db561500862d40777d3172b71a00fa625b722b3260d802745dbe6a7b8b1a00fa229f88ecf028c0b005e881cf47ee510340cfed540160d802f4c693917bd500d073db550018b600bd7375f25e5b805efbb90a00c316a077f2ed719bd500d053aed802862d408f5d1bd9a106809e18356c01c316a0f73644f6a801a067b6a900306c017a6fa30a007ac20f0e01c316a04fbeab02809ed8aa02c0b005e88f7c3bf2a81a00bacef3b580610bd0278f4776a901a0eb7eaa02c0b005e81fcfd90274df432a000c5b80fef9810a00ba2a3f5feb5664c0b005e8a37cc576540d005dfdbaba4f0d80610bd03f79d43ea10680ae71270c60d8025460830a00bae6011500862d40ffdda70280ae8dda513500862d4035df8801d0b907237bd40018b600fdb733b25e0d001dfb6b1500862d40359e8a6c520340c71e560160d80254e7472a00e8c89d912d6a000c5b80eae4ab0c5bd500d0b687227bd50018b600d5d9968a434f0068cfdfa800306c01aae7766480f63c98fc7010306c016af38d190093971fe5f07c2d60d802d4c0e6c85d6a0098b49fa800306c01ea614f728014c064e52bb5f7ab01306c01eae3bfa90060527646ee510360d802d447fee66ca31a00266c9b0a00c316a05e1e898caa0160c2a3f6db6a000c5b80faf9a10a0026249f4d709b1a00c316a07ebe9e8a1392013834aff8010c5b809a1a8d3caa068043da11b9590d80610b505f77a800e0909e8cdcae06c0b005a8af2f27b7d8011cca3d2a000c5b807adb15d9aa0680718d466e540360d802d4df0dc9ab7f00c6b33b72bf1a00c316a0febe1ad9a70680e7f9920a00c316a0391c8c02f06ca3912faa01306c019ae39ae476648083e5f77cef540360d80234c7c391ed6a00f817d7a800306c019ae75a15003c63431900c316a061f273b60fa901207d23f2841a00c316a079f6446e510330e4b6456e530360d80234d757cb6fea008655be7b65ab1a00c316a0b9f2215277a9011852f9077b5f530360d80234dfcdc9555b60386d8cdcab06c0b00568befc4ddd2635004326df7efc253500862dc0e0b83eb2450dc010c98f62dcae06c0b005181cf939db07d5000c897cb5f61a3500862dc0e0b92279af2d301c1e88dca906c0b005183c0e51018641be5afb493500862dc0e0fa4464b31a8001359a8af7777b6f2d60d8020cb0dd91cbcb6ffe0006cd63918bd40018b60083ef8b91f56a0006cc68e4c36a000c5b80e1716e64831a80011ab59ff7750d306c0186cb93e5b87d5815c000d8948a3304000c5b802193df6b7b4164bb2a808afd69e4e3a9bde7ffef8e9ca342c0b005185e7797e3769b2a800afd6de40f229f9de4b8cdaf31cb779fec522160d8020cb7db2267a7e2563e802a8cfd70ed8f239f4a13bb93241f82f796e4d53e80610b40e9dec8eb225f8eec38ccbf377fc3f917c9f3b940f7ec3ce8f77f16796b2aee28196fb4e6af3dff35f2dae4510a8034450500cf92dffff886c83b226f8ccc892c7ccebfe7fec80d913f8f5c1759ac36a043f9caebe3e37cad7955e484c8f19156646fe4e791af263f5803306c010ee3afcae46f285f1e392ab23f15cfc0e52bbabbcb7fdf8f2267a90be8d0d672b48ee7ce320018b6006d39dc37941b550474c1cf5400d03ecfd80274664bf27c1bd039a7b20318b600957932398d14e89c1f900118b60095faa10a800e7c25f2881a000c5b802a79f72dd089d1c83e350018b60055722b32d00907470118b60095cbefbef52a0ea05d5b540060d802542ddf42b8590d401bee8a3ca40600c316a00e7eac02a00da391bd6a00306c01eac03b28817678be16c0b005a88d1dc973b6c0e46d540180610b5017f9564207c00093b1deb005306c01eae66f54004c423e51fd69350018b60075e28a2d30193f520180610b50370f466e55033001f90761ebd50060d802d4cdfe54bcba03e0707627efaf05306c016aea272a0026e061150018b60075954f38ddac06e030ee500180610b5057f92acc636a000e615bf2de6b00c316a0e6b6aa003884ed917d6a00306c01eaec072a000ec16dc800862d40ede557786c5203308ed1c85d6a00306c01ea6e4ff29c2d30be5da978c61600c316a0f6ee5301300e87460118b6008d717b2a0e880138d837550060d80234c59654dc720830e6c1c8036a00306c019ae45e150007c907cb3dad0600c316a0496e4ec509a800d9b7540060d802344dbee5f009350061732a6e4506c0b005689cf52a0052f168c26e350018b6004de4766420fb9e0a000c5b80a6ba3fb2470d30d43625a7210318b6000df72515c050db1079540d00862d4093dd9edc8e0cc3ec072a00306c019aeea1c83635c050ca87466d500380610b3008dc8e0cc329bfe2e771350018b60083e0aee4f01818464e4306306c0106c6cec8dd6a80a192ff9ebf550d00862dc020f95664871a6068e4e7eb9f560380610b3048f20132f7ab0186c296c8cd6a00306c010651be6abb5d0d30f0f2e3071bd50060d8020ca29b225bd50003ef9b2a00306c0106d91dc9555b1864f987577fa90600c3166090fd79f25e4b1864f959faa7d40060d8020c3ab729c2601a8d5ca50600c3166018fc49e44135c0c0c9aff4daa40600c3166018ec8fdca8061838d7a800c0b0051826f9aaed1635c0c0c887467d450d00862dc030793a72b51a60605c17d9a70600c31660d8e413921f520334deb6c897d50060d8020ca37c75c7555b68bebb5271701400862dc050fa7c64b31aa0b14623d7ab01c0b00518664ff8a6181a6d43f28a1f00c3168074936f8ca1b16e510180610b404a8f456e560334ce5723b7aa01c0b005a090afda6e540334ca1da978751700862d006167e49b6a80c6589f8a1f480160d8027090bf4aaeda42537c2fb2570d00862d00cf969fb5bd4b0d507b0f463ea30600c31680f17d2a79af2dd45dbe0d798f1a000c5b00c697bf59be5d0d505b5b2397aa01c0b005e0d02e8f3cac06a8a53b23bbd40060d8027068aeda423d8d462e530380610bc0c47c3ab25d0d502bf9074e8faa01c0b0056062f237cff7a8016a63472a0e7703c0b0056012f255db5135402de49390dd450160d8023049f900a9c7d500951b8d5ca90600c31680f6c72d50adfc6ee907d50060d802d09e3d2a80cadda10200c31680f63da502a8dc232a00306c0168df3fa9002ae7597700c316800eec550154ce230100862d001d78520550b927540060d802d03ecfd842b56e4aaed80218b60074c4155ba8567ebef669350018b600b4cf155ba8d6ff520180610b40675c29826aed560180610b4067f6ab000c5b000c5b8026732b3254cbc15100862d0080610b80610b005015efb005306c01e8d03e1580610b80610bd0649eb1057f0f0260d8020018b600862d00c0f0f94ae449350018b600f85a0d4d9547edd36a00f0cd1200405339bc0dc0b005a00ba6a9000c5b000c5b005fab8176b80d19c0374b0074c1141580610b80610bd06447aa002ae3566400c316802e70c51600c0b00568348747010018b6008de656640000c316a0d15cb185ea4c550180610b40e7a6ab000c5b000c5b802673c516aae3f03600c316802ef8d72a80caf8c11280610b4017cc540154263f0ae0766400c31600c3161aeba4e4397700c316808ecd520154ca0f97000c5b000c5b306c01306c017c530d54e518150018b60074f675dad76a306c01306c011aebe8484b0d50a9392a00306c01e86cd802d5fa0f2a00306c0168df6c1540e5162687b80118b60018b6d0602b93db91010c5b00dae6d01aa887252a00306c0168cf8b5400b5f00a150018b600b4a7a502a885d5c973b600862d006d99ab02a8857c80d4196a00306c01989c6991a96a80dab820724be454550018b6004cccbcc87c35406dcc2f47ede5911f45ce540980610bc0a1b55400b5fd7b7379e492c87d91b52a01306c01189fabb550ff819b0f95baaa4c4b2500862d00cff6ab2a80c60cdc7747be91dc9e0c60d802f02caed842b32c49c5edc9d724279a0318b600a4e991a3d5008dd38abc237243f2ec2d80610b30c43e18f9562aaefe00cd949fbdfd74f9f733003d36450500b5f1b6c8d991d9c9213430081646ce89bcb8fcf529950018b60083eab8c845e598356861b0cc2b93ffdece3fb8daa11280ee732b324075f2adc63747ae8e8c18b530d0d644be1659a50a00c31660101c15b93415af0639cda085a1917f98757d649d2a000c5b80263b2bf29dc8ef19b43094f26dc957965f0b00e812cfd802f4c7f2c8f9a93829d5a085e196bf065c1c9911f98c3a000c5b8026f858e48d91c5aa000e1ab717468e8cfc893a000c5b80baca87c4e4d38e1725576981f1c7ed39e5f7637fa80e00c316a06efe73e4f5c9555ae0f0e3f63d91a7237fac0e00c316a00e6647ae882c4baed202931bb7fb237faa0e00c316a04aa7462e49c5adc70093914f4b3eb71cb77fa60e00c316a0dfa69683f6f4e42a2dd0befcf5e382c89ec8e7d50160d802f44b7e86f6d2c889aa00ba346e2f2ec7edadea009898235400d0b6d3223718b5400fc6ede59163550160d802f4527e37ed659125aa007a607e2a0ea2f3cc3e80610bd0754746ae8e9c9d3c4f0bf4d69272dc1ead0a00c316a05be6466e89bccba805fa644d2aee0ef13d1b80610bd0b17c48d48d9175aa00faecacc827d50060d802746259e4fac82a5500153923f27e350018b600edc8576aaf8d2c550550a156e4c3a9388d1d00c31660c21694a3d6c9c7405dc66d7e6ff64a550018b6001331b71cb5cb5501d4487e0dd06753f18337000c5b80177474396a3d530bd4517e34e2aae4354000862dc00bc8efa9cd5743d6a802a8b19154bc537b862a000c5b80e7ba2272aa1a8006382915576ea7aa02306c0118930f65394e0d40839c518e5b00c31680f4b1f21bc4962a80861949c56dc9beaf030c5b8021765ee46ca31668a8fcb5eb5d91eb23d3d50118b600c3e76d910b8c5a6000bca91cb773550118b600c3f54de0278c5a60809c1cf95264852a00c316603846ed278d5a6000ad4cc5bbb8cf540560d8020cae77442e316a8101b6a8fc3a7759648a3a00c31660b0e483a22e8acc530530e05a910f45ee881cab0e6090f9091e304cf27b6a4f376a812193dfcf3d3bf2f554fc600f60e0b8620b0c8359a9384ce50ca3161852f9d6e47cb6c00f2327a903306c019a6575e43ba9b852db520730c4f2d7c07c5af2a723df4a6e4f0606885b9181413535f2c1c87b0c5a80e70ddc9c7c157763e4aac8fd917daa010c5b80fac857213e1c39511500871db8f9318d3b23d74736441e510d60d802546761e4edc96dc700937542990722f744ee8bdc1bd9a31ac0b005e88fa323ef8dbc2615cf8f01d09ee565f26b82ee8a3c548edcdb23fbd50318b600dd373715cfd0e65b8f57ab03a0abd696c923f7eec8d654bc13f776d500862d40e796968376ecca0200bd75dc41f96864532a5ea3b6493580610b3039eb22e7a4e25db40bd501d077635f7bf35d32f980be5d916f46be10d9a91ec0b00518df8cc8999177466625874201d4c58232ab527117cdb6c8b591db227bd50318b600292d4ec509c7a71ab300b5d72a939fc91d4dc5c153b7a4e2fdb8462e60d80243255f9d1d89bc3e15b7b919b400cd1cb9ef2eb339f28dc8fa54bc4ae829f500862d30a8f2d5d97c20c96b236bd40130309695b93815b7287f37b2a11cb900862d3010f22d6baf4ec555daa5ea0018682796c9af0dcab728ffa01cbb8fab06306c81a6991a7947e455a9b852bb40250043656199fccf827b235b52f17edc5b550318b640ddcd899c9b8ad33357ab0380706c9991c8f9918da9385979bb6a00c316a893d5e5a05d948a2bb400f05c635771f3390b274776446e8cdc14795a3d80610b54f5b5e58cc8d991b9c9e9c6004cdca232f979dc8b22b7a7e22aee16d500862dd00ff3ca41fb9654fce41d00ba31724f4bc5fb71af89dc19d9a51ac0b005ba29bf7b76652ade3d9b5fd9d35209005dd62a33928adb94f355dc5b52f1daa0bdea010c5ba05d0bcb217b4af2ee5900fa27df1df4813277a5e2ddb8eb9377e382610b3009eb52f1eed97c289477cf0250a5b565b697e376ecddb8bb5503862dc0731d15392bf2dbe5986da904801a995fe6dd91bb239b235f4bc5eb8300c3161872f9aaec9b234b52f1fe5900a8bbe3ca9c908a03a7be15f95c649f6ac0b00586cb99e5a0cdafea59a40e001a6849999352f1fab94d91cf461e560d18b6c0e09a5bfe83ffe4c8f4e476630006c7f232f979dc9d91eb225f4caee282610b0cccd7807c8bf1b9e53ff08d590006d9d8b3b823918b225f8fdc1079503560d802cd93afcee6d38ddf923c3b0bc0f08edc0f454e8b6c2d076e3e59f951d580610bd4d7b4541c06757c2a6e379ea7120078e66ea59c13ca819bafe27e3b727f72ab3218b6406de4d7f3ac89bc3272a23a00e0052d8cfc5e993c70bf1fb9b31cbc80610b5420df5af5aa543c3bbb4c1d003029279779632a9ec1fd4ee42b6a01c316e8bdfcbcd05b232b5371abb1db8d01a0332bcae477e3be33f240e4dac80ed580610b74d749e5a0cd4376a93a00a0ebc67e609c9fc5cd8ff6e4db93af8fdcae1a306c81f61d13795f396a6724576701a05f9696c98ffb5c1cb931f2f9c82ed580610b1cde11a938082adf0a956f376ea904002a33bffc350fdcfc4ef87b23574636a9060c5be0f9f2d5d87c6536bf77d6415000503fad32c74676a6e239dcbbcadf03862d0cad7cabf1aac86b527195b6a5120068ccc0cdef8edf1eb935f2cdc886c87ef580610bc3622415ef9c3dae1cb6004033e55b953f58e6ab91ef46d627efc505c31606542b15ef9d7d592a6e35761014000c9653cbe4d7056d8cdc919ca80c862d0c883322c747162457670160182c2fb336f29ec87da93851f971d580610b4db23015ef9ccdcfdee4e768e7ab040086ce8232f970c8d747b644ae49c5b3b880610bb53435727a2a4e359e1359a41200a0b4a24cbe7bebd1c8cd91bf8cec530d18b650078b53719b51bedd68813a00804318bb8a3b12b92015cfe0e6abb80fa9060c5be8b756645de4cd91d9c96b7a0080c9cb8f2a9d978a5b95b7960337bf17f709d580610bbd32371d78e7ec6a631600e89256991352f11cee0d913b239b5503862d74c3cc72c4be2215b71a2f510900d043f98c8e4f46ce8edc1bf966e49ec82ed560d802933512f99d541cf2b0561d00409fb5ca9c15599f8a9394bf15d9a41a0c5be050f2410ef9a5ea2f2b7fef546300a00ed694c9cfe23e1cf94e2ade8b0b862df08c69913323af4ec533b4cb540200d4d4d232f9cc8f77a6e256e57ce0d4a86a306c61389d9c8a17a52f2aff010100d014f3ca1c9b0e9ca87c75e46ed560d8c2e0cb3fdd7c63e4b8c8d4f21f0800004db6a44c3e17241f30755de40b913daac1b085c1704464612a9e9bfd4fa938e1b8a516006000b5ca2c8f5c988ad705e5abb85e1984610b0d956f2fce072c9c52fe0a00306c23f7bde9c07b716f4cc56dca8fa906c316ea2d1ffa946fc17965f96b4b25008081fb4cd6451e8cdc16b92372bf6a306ca13ef2ad36ab232f89ac8ccc570900c0b8c64e54ce6f83c8a7297fbf1cba8fab06c316fa6f712a6eabf9cde444630080c96a95392b724f6453e46b918daac1b085de7f013e3df25b91d9a9b8520b00406746cae48b06dbcb81fb05b560d842f7cc29c7ecef9463d695590080de587250ce4dc595dc2b223b5583610b933737152f197f5df9fb052a0100e89bb1f34af2419c27471e8a5c958a1395c1b0854368a5e2a4bed7a703cf7c000050ad0565f22360bb23d7456e4a0e9bc2b085674c4dc54f03f3fb655f5b7ec134660100eaa95526bf5af182c8ad912f4536479e520f862dc364462a9ed9581579452aaed00200d0bc917b5e99db5371d8d4fac80ed560d832a866964336dfbef23263160060a0ac2b93afdcde15f96ef22c2e862d033466d7a6e2b53cf91db3c7a9040060a02d2b93df66f140e4be543c8bbb4b3518b63449becd389f649c5fcbd34ac5bbd00000182ef3cae4819b0f05cd272adf18b95f3518b6d455be327b6ae4d5a9782dcf0a950000503ab6cc482ade859b0f9bfa9c5a306ca983e9e5983d251527192f5209000087b0b8ccc2549ca87c5be49ae4b0290c5b2a18b3f999d937a6e2d989792a010060925ae5aff92d196f8a3c18b932396c0ac3961e3a2a15a719e72bb323c93b660100e8eec8cd591ad91db92ef2f5c823aac1b0a51b6336bf96e7f8c809a9b85d0400007a3d70f35d81f936e53b53f15edc0d9127d58361cb643e17239195a938d17844250000543472df5be6f6c81da9b84d79ab6a306c7921f9a762f9aaec4b2327ab0300801a595766732a5e15f4dd54dcaa0c862dcf7c06ce8cbc2a15a7192f5509000035b6ac4c1eb96f8fdc17f962e451d518b60c9ff991f7a4e276e3d5ea0000a061e6953929f2fac896c855918daa316c197c2746ce2e87adf7cd020030085694c9176df295db1b239f8bec578d61cbe0989a8adb8df3a03d26794d0f00008369619935910b5371e054be8abb4d35862dcd3537152fbacecf1e2c500700004338724f8d3c988af7e2e61395f7aac6b0a519f22d186f48c5c9c62d75000030c45a65f2f7c60f476e48c595dc875463d8524ff9f9d9fce0fcb1062d00003ccfe2c8a5a93844f5de54bc17f79ec863aa316ca95e7e7ef6b5a97860dea0050080436b9539ab1cb879dc7e3b15efc7c5b0a5cfde550eda25062d0000b4e5d832f959dcfccaa0efa5e244e5a75463d8d2fb419b9fa19d6fd0020040572c2e737ae48de9c081539b5563d8d25da745ce8dcc49c5cba8010080ee1bbb8a7b5ce491c8f5912faac5b0a53323918fa6e2953d2d750000405f2c2ab3b0fc7efcd6c835911daa316c99b8e5918f94bf1ab40000508db1efc5f3adca6f4ac5ab82ae48c5a153fbd563d832be7c18d43991b5062d0000d46ee4e69c14d918b932725b648f6a0c5b0af93687b7a7e2595a83160000ea6d6599fccaa0fc1ceee723fbd462d80eaba3d381938e97a80300001a65ecb0a9d7446e887c452586edb0392ff2bac81a55000040a39d1c595a0edc4b23db5462d80ebafcfcecf9a9b8fdb8a50e00001808f97bfbb795dfe7e7db933fa312c37610cd4ac54f6ff2ad0a0bd50100000369452a1e397c45e47d915d2a316c07c5bb231718b4000030145a6516943b60bd4a7ae30815f445fe207f23152f75366a010060b8e40362af89fcae2a0cdb26ca57c43f10f9762ade73d5520900000ca5bc05f2193b57d961866d93e4d3d06e895c61d0020000e52ec88f27de9c8ab377306c6b2ddf62f0a5545ca505000038d8a9e5b89daf0ac3b68e169483f6fcf2f7000000e35913b93615cfdf62d8d6c69b52f19eaad3935b8f010080c35b1db93ab25c15866d1d5c16b93815efaa02000098a815e5b85da60ac3b62aad549c787c5a727f3c0000d09e7cf0acdb920ddb4a9c988a77d3ae4d6e3d0600003ab3a41cb7f35461d8f6cb8752f11a1f3f51010000ba25df8e7c5de4685518b6bdf6e9c839c9555a0000a0fb5697e3768a2a0cdb5ec82f50be3115efa6356a0100805e392115b72563d876d5c272d49e61d40200007d90afdc7e520d866d373f50f95680b5aa000000faa4958a0b6b6f528561dba97cf2713e24cafb690100807ecb27245f941c5a6bd87620bf9bf68f52f14e290000802a2c8a5c1599a60ac376b24e4fc5fdec8b54010000546c65e4b36a306c27e3e472d42e500500005013c7463ea006c37622f2ab7c2e8fcc570500005023adc8f99165aa306c0f652472592a1ed0060000a89bf9e566b1e30cdb71e553c6f2955ab71f03000075b62672891a0cdbe79a938a53c65cd20700009ae0b472e062d83e634ae49a549c32060000d004f94ed30f47a6abc2b0cdae8eacf5310000001ae684c8796a306cf32b7d467c04000080863a3bb2420dc33b6ccf8c9c918a23b30100009a28ef990bd4309cc3369f809cdfffe4b53e000040d3e5f382ce346c87efaff7d2c8729f7f00006000b4527190d40cc37678fc51649dcf3e00003040f25da91f376c87433e35ec349f7900006000e5ad33b48f5b0ecbb09d958a53905b3eef0000c0006a959bc7b01d60974796f9ac030000032c9f25b4c6b01d4ca726efab05000006dffc34a4afff19f4613b2df2d1e41664000060382c8c9c65d80e16aff60100008649be6afbd634646fc019e4bfd815a938091900006098e4e76cdf6fd80e86fc92e2053ed30000c0103a2532d5b06db633224b7d960100802195afda0ecdb3b683386c8f4cc53de5f37d9601008021f6e6721f19b60d7466f26c2d0000c048e464c3b6796646dee8f30b0000f08cb7a421382179d0fe02f34f23d6f8ec0200003c635d64ad61db1cd352f16c2d00000007bccfb06d8e9352710f39000000072c892c336c9be17d3eaf000000cfd38a5c60d8d65f7eae76aecf2b0000c0b85647661bb6f5967ffad0f25905000018572b0df055db4118b68b228b7d4e0100000e696d1ad057ff0cc25fd4d9c9d55a000080c3c98748bdc3b0ad9f296908dec9040000d025af376cebe76da9b81519000080c39b9306f035a94d1fb6a7f85c0200004c58be303870576d9b3c6cf381515ef103000030394b23330ddb7a787d721a320000c064ad8a9c6ed8d6c3729f47000080b6fcb6615bbdfc138696cf220000405b9695316c2b747c721a32000040bbf29e5a63d856ff3f02000000edfbadc854c3b61af9d9da853e830000001d39390dc8d9454d1cb62b93d390010000ba61b5615b8d17fbec01000074453ebf688a61db5fb3d3009ddc05000050b17c8054e3ef886ddab0cdcfd6aef0d9030000e89ae30cdbfe5aee33070000d055a718b6fdfdeffa729f39000080aeca8f7c36fa76e4260ddb39a9388e1a000080ee69454e326cfb6389cf1b0000404fbcdab0ed8f97faac010000f444be43768161db7bab7cd60000007aa2951a7c3b725386edccc87c9f350000809e39deb0edadfc7c6dcbe70c0000a067f2e69a69d8f6ceb13e630000003d95ef926de49b689a326cbdbf160000a0f75e65d8f6ce429f2f0000809e6be4d9464d18b68b53b34e6f06000068aa1991d5866df72d4f0e8e020000e8877cb7ec1ac3b6fb5eeab3050000d037bf69d876df329f2b000080be392a72b461db3d5323b37cae000000fa263f63bbc2b0ed9e5ce6029f2b000080be6ad49db3751fb64b7d9e000000faee570cdbeef90d9f27000080be9b931af49c6ddd87ed7c9f27000080be1b892c316c3b372532dde7090000a012866d172c8e2cf759020000a844639eb3adfbb0050000a01a8b52439eb3adf3b0fd759f23000080ca1c1b9967d876a6e57304000050a9461ce85be7613bcb67080000a052bf66d8b66f416486cf10000040a5f273b6530cdbf687ed0a9f210000804a9d1c996dd8b667a1cf0f0000402dcc316cdbf3cb3e3b000000b550fb57b1d675d81eedb3030000500b2f366cdb1bb547f9ec000000d4c212c376f2e646d6f8ec000000d466a3d5faad35751cb6737c6e0000006a635e2ade5c63d84ec26c9f1b0000805aa9f59b6bea386cffbdcf0c000040adcc336c27c7c151000000f5f222c376e2a618b6000000b5738c613b71b322a7facc000000d4cad186ede4862d000000b69a610b000040d74c2963d84e80e76b010000eaa7159969d84e8c2bb6000000f564d836bd28000000c3d6b09d885ff259010000a8a519866dc37f0200000030e4a61bb613fbef72b4cf0a00008061dbd4613b2d729acf0a0000402d4d336c1b5c12000000e948c3b6c125010000e0f028c3160000a0d9a618b68737dde7040000a0b6fe95617b785ef503000040a387ed51fee7000000a82d87474d802bb6000000866da387ad676c010000eaeb08ffc50eefdff89c000000d4d634c3f6f066f89c00000060d8020000d00baed81ab60000008d36c5b03d3ca72203000018b68d1db6b920a722030000d497d7fd4c60d8aef439010000a82daffb99c0b00500e0ffb37707a971c36018863793a1a43d44ef7f889e256708ad198c6bdac922ab5a6a03c1df973e0f642f32dabcfc920c90cbc4b6b5fc01000078e18eedc4a33d0200004073d87a380a000000610b000080b015b600000008db3770c716000080eab035b1050000c8b60bdbb14ff608000040b4abb01d7314190000205b6cb7398a0c000040354791010000f81beed84e7cb647000000680e5b776c010000a80e5b4791010000a80e5b135b000000aac3d6c416000080eab035b105000040d8020000206c852d000000c2f60ddcb1050000a03a6cbff829000000680edb8b9f02000020da226c3bd6010000c09fedc2160000003e68d87a380a000080eab0bddfaffdeaa700000088e628f280892d000000d5617bf533000000e8c7e68599d8020000501db626b6000000085b000000de95c7a3842d000040b545d81e73c7160000209f89ed80892d000000d5616b620b0000a01fab1766620b000090cf5164610b0000506d15b6c71c4506000010b6d5617bb13f00000010b600000008db93388a0c000090ef266cb3d7000000c0983bb6038e22030000e4f31ddb019ffb010000c8e73bb60326b6000000f916617becc1fe00000088e78eed805791010000f2b9630b000000c216000080b3b8633bf0687f000000c4f32a72f81a00000028951095bb9f010000209e89ed805791010000f2dd84edb1abfd01000010efa7b03d76b13f000000e2398adcf8cf010000e095a3c80000005433b11d701419000020df2a6c8f7915190000209fa3c8e16b00000060cc5164000000aa2dc2160000806626b600000054db842d000000cd3c1e050000403513db81ddfe0000008867623b70b53f00000010b6000000bc279ffb095f0300000063abb005000000610b0000c0491c45060000a09acffd00000050cd1d5b000000aa99d8020000206c3f6ad8fa8e2d0000403e8f47095b0000805a4fbfff76619bbd06000000c63c1e05000000c216000000842d000000ff684b5e9cb0050000a09ab005000060e6266c01000068b6262fce776c01000098d99317276c010000987114b9600d000000944a88caddcf00000010edbbb0cd5f03000000a54c6c01000098f12a32000000d53c1e05000040359ffb010000a09a892d000000d536612bae0100009a99d84e7815190000209b579127167b040000209a89ed84892d00004036af2203000050ed87b0050000a0995791010000a8e68e2d000000d5bc8a0c000080b015b60000009cc5516400000084adb0050000e02c8e22030000206c852d000000677114190000806a9bb01ddbed11000080688bb01dbbd9230000003487ede66700000088f62c6c01000068e68e2d000000d5bc8a0c000040b5e8477f852d000000338e224f7815190000209b89edc46a8f00000008dbe6b0751c1a000040d88a4a000000842d000000085b00000084edff16b61e8f020000c8f52d7d813ef7030000c0c87d1869620b000040ad2d7d813ef7030000c0c8226ce7dcb1050000c815df6c978035dcefd83ed92b00000091e2df45fa25c00097e17c818eaa681d0000000049454e44ae426082);
INSERT INTO `stylist` (`s_id`, `s_email`, `s_name`, `sln_name`, `sln_info`, `sln_address`, `image_url`) VALUES
(15, '21212@gmail.com', 'Christian B', NULL, '', '', 0x3078383935303465343730643061316130613030303030303064343934383434353230303030303362363030303030333736303830363030303030306364313231353263303030303030313937343435353837343533366636363734373736313732363530303431363436663632363532303439366436313637363535323635363136343739373163393635336330303030303336383639353435383734353834643463336136333666366432653631363436663632363532653738366437303030303030303030303033633366373837303631363336623635373432303632363536373639366533643232656662626266323232303639363433643232353733353464333034643730343336353638363934383761373236353533376134653534363337613662363333393634323233663365323033633738336137383664373036643635373436313230373836643663366537333361373833643232363136343666363236353361366537333361366436353734363132663232323037383361373836643730373436623364323234313634366636323635323035383464353032303433366637323635323033353265333332643633333033313331323033363336326533313334333533363336333132633230333233303331333232663330333232663330333632643331333433613335333633613332333732303230323032303230323032303230323233653230336337323634363633613532343434363230373836643663366537333361373236343636336432323638373437343730336132663266373737373737326537373333326536663732363732663331333933393339326633303332326633323332326437323634363632643733373936653734363137383264366537333233323233653230336337323634363633613434363537333633373236393730373436393666366532303732363436363361363136323666373537343364323232323230373836643663366537333361373836643730346434643364323236383734373437303361326632663665373332653631363436663632363532653633366636643266373836313730326633313265333032663664366432663232323037383664366336653733336137333734353236353636336432323638373437343730336132663266366537333265363136343666363236353265363336663664326637383631373032663331326533303266373335343739373036353266353236353733366637353732363336353532363536363233323232303738366436633665373333613738366437303364323236383734373437303361326632663665373332653631363436663632363532653633366636643266373836313730326633313265333032663232323037383664373034643464336134663732363936373639366536313663343436663633373536643635366537343439343433643232373836643730326536343639363433613331333233363435343433343431333733373338333233323336333833313331333833303338333334333432343533343433333934333330333333363332343132323230373836643730346434643361343436663633373536643635366537343439343433643232373836643730326536343639363433613331343433333432333933323435343333323436333734333331333134353333333833363436343234313333333133303338343533313335333433313434343232323230373836643730346434643361343936653733373436313665363336353439343433643232373836643730326536393639363433613331343433333432333933323435343233323436333734333331333134353333333833363436343234313333333133303338343533313335333433313434343232323230373836643730336134333732363536313734366637323534366636663663336432323431363436663632363532303530363836663734366637333638366637303230343335333336323032383464363136333639366537343666373336383239323233653230336337383664373034643464336134343635373236393736363536343436373236663664323037333734353236353636336136393665373337343631366536333635343934343364323237383664373032653639363936343361333133333336343534343334343133373337333833323332333633383331333133383330333833333433343234353334343333393433333033333336333234313232323037333734353236353636336136343666363337353664363536653734343934343364323237383664373032653634363936343361333133323336343534343334343133373337333833323332333633383331333133383330333833333433343234353334343333393433333033333336333234313232326633653230336332663732363436363361343436353733363337323639373037343639366636653365323033633266373236343636336135323434343633653230336332663738336137383664373036643635373436313365323033633366373837303631363336623635373432303635366536343364323237323232336633653837643734626237303030303364306534393434343135343738646165636464306462303565373537643237663037663939346363613634623364393663383633323663333661366366363664333334386436393961633631383633396165323335633538303131313135383434353463343537376334336130383838653535656133613063373536393462613936333931356139363532343434343530633431373434343063343838313036393863366361343838363938636439663439366364353238366364363635333961363164393463383665656566636633396237303937303439656537646465636533396366663366396363376332373031623539356166306639376662626465373963666666393835376666656537376634653030303030306430353434376138303030303030303063333136303030303030306335623030303030303330366330313030303033303663303130303030633062303035303030303030633331363030303030303063356230303030303030633562303030303030333036633031303030306330623030353030303030306333313630303030303063333136303030303030306335623030303030303330366330313030303033303663303130303030633062303035303030303830326134636139666162666330326234373436666361663030343033626666666339613135393931393939373164306566363739353766666336666362356638663863346338663463326237663966376661306262666661303366316539336666666364333635633637656538666235346639656631646662663334663436663639353766666565306534336666663766323337626361646665373363313164393562666537653737663966623364653566663164303036386163656664643733386636313062633063303938353530656236356539383565666564663966316236393935626662653238373237343939643965356638366364356230393766623966333339303066316563613466393738336637383937326534653666636566383366653738353764396539656566323866663766613938303138303631306234306637616438613163316666393531653462363065666636666535616261366337343465363437313634376665363336343431663963373535386364366663643733333736623566356139663264376666353366656661363433393334633761656334386566646562666263623766326438666436623161626239393362643261376236346639636665333233306563616634373263343866666466663335373230316330623030356130306238336636656439316533323231376234333936616633353839643537306564373137343731363436643666366539626666666464393163373533373135353734656334613639666565336337636135663733373661373661366531353765636163373062303030633562303037613637346465343064303730646430623734343336346366303366396261663434616538383263386666633761326161656361326561666538616665336435613962386261306130303138623630303063383964353931373739366266653632626163356263623366626566663330666662396133323232373436376562336663636661646162633935663466626535323763343466396366626466643037363565636636653137643037303530303330366330313638623037633530643334353931393539313235653539666462313633396537333061336636653463383662353366313863656365613161666537356664366330326666396566356139623831353739666633386533333733666562396136663631666563373734653065306137396362313833396563363665373133363863303163306230303561306332376631653563316333393231623265636130336662663233313563666434616531666537336639333837656635623533663166633664376564356365633238363737623061366333666666636136383338363730336535383661656364396464666631393739333431356366663365363566373732366166666430313030633331363830616533613333663239313534336330333962396533333661336631616239666433393766666562346338376235323731313864343763663566643862313531336663663736643262303766306533363563373766356666656661343836346234666331353030333036633031393838303363346166663238313535373638356265336663656239373434626535636665336562663537663661636338643961393738346434663462376436643562353066656261323833326632396337663664623466633735636634313633663765666361356662373937626633656131343230303330366330313836356433656164663866643931373330663333353062663561386564663062353337313862623233316462376230373737626337343963376633643066646663376362393139626633663335343563303137656163316363333436326630303836326430303033326662666236323764663736336339316537343966663531356462353163626533396533646466366263613931636265333937663537666566613638393935646161303363306230303561306539613661376532623465333333393232626166383336616335306230636465376366306437323336356336396565373164316263303030363064383032643030386639656136636265396437383964326138366636376666666537636161663665316162623961396263376565393663386333613933386231313930303063356230303661653566373232366634396335343134353330363664353338376636653433326164656362396263376565346632333066393464396166326530303063356230306161333032333732363536343735373265623331313362333761396333663937616665636536303361393336343737653538666562316537373530313330366330316538623965353931346662646330353038316339313862626232376234326639366262653564373936663261306561616261326637323666326134653639303630306333313638306165333933643732373136346131326165383831633565356166326232336537613565323030616137633035333735666339666437653339373435646431303563306230303561303664626631623339336662396635393866653639393535393765643064306364663935653261346536336465366165383032363064383032333035313937343463653334366161396339643031643439633539643033663964353432663935306161376364626632303365356430376434613464303031386236303033633537376539656636363461333936316139613537653661636632386636663864666337353261306561336361636665396565353131313030383632643030396638653963363464346432313032373935633965653861336335343065646466636662626465613031633062303035313833653937313962353334643864613332643964646139333837316639386537326534303238303631306233303034336531393339636461383635343031633537323662663536653864313534336339373762373536346137366130303330366330313036643337623233366633323661313934303062636261633839396331616439316562393365663235356435303037303238343761383030613035316632616439623137313862353063383166636365646337633238646165353931626638393763326333323462326430303863633731353562383065363338323666323931633830323535333034343561653561663462323236373437366538623563393738616437303730316330333335636231303536383865346661346532313634643138653639316662383163386364363566323333623964336434303238303631306264303063656263613666653238313632653065366333643365653238303765653939633936646361303038363264303062356637643165346239356131383466666561313466336536306561633663386662323364333535303236306438303235303366663936616434316333356330323165353833643561653863646331323339346631643030383632643030663566326531653436613264346336366530653639336333626639623861326262383030313862363030353465636163633830633335633061346234353237316430646138356535633066353763336163303830663362613166383037613762366237326235313664613335616634636665376236383533326134653136646661363136383063316533386132643430376432643262626632393037336131666238363734346265316462393234333936303061633062303035613036666465393035636164383536656361376633666664376565346662393135336435303136306438303264303762616235353030336439316566383662383363373236643634383933613030306335623030376136333431363461363161613036373561393162373435626531346639613033613030306335623030626136663635363439313161613065373136343663653464633566623666353761383033613039393963386130633530346632663531303166343464616234633365363465616536633837663531303938303631306263306334653533623637653634343865386163633461303736653366373665353038666136663639663966376530346235333731313537376137346130303063356230303965666466353336316635323933366632663765373166396562626366326366326635343066643434363262316462383761376236396534323639353030313862363030633336613661363435356534393539313633323337333933373764323432393332633239383736646265376137626131336130303063356238303631333133646232336366326261633862613534396336633063333435373262313565666262356435303865646236643261303133303663303130363535626562323333313237393433326161656432303238333335366537336632316431373137343562656165313230306333313636303530346334626335353564393537343764363934646666383032383332623366313766666139353433633133666638376561303033303663303139616563393863383962323261663838396361343065313832616164633837623232326638613563313064396137313230306333313661303439363639376466633865366437663031636162306531386561373166626665663236626332383732336462353530323630643830326434646464313931386634343536323765663936303530653338623966636661393063376564666465613030613864363131326130303138353737653836663639326338373732333166333436613831373165346333653261653465633566336636303031386236303062356632386563383066323362663166353961633065653031306632613135323537343663653534303534303735646338613063373034303365646433383566613563646366636562356434303134633530616266636461333133336632313937353030313862363030353563386566613763633037343339643638643030323164386364623062323334373436666534343164303038363264343033666264326237323665363438393261383032653863646237336361373166623037656130303330366330313761366434316534613339313931653432613264643064643731666263656338326634363365616530653030633331366130353766323231326666393261616439333865383135653864646262316333613438633562303063333136613065623265346663356662323765376139303265386333623866643766633936646339303038363264343039376363346463353262333931363237623731653033666431626237663962366534666439313366353430373830363130626430383939313534356361393564613630616130383237316662396563386465653435353430303033643733383430613830303137373561653435616133313661383738646365363537303139646139306130306333313636306232646531626239326362396635313861386337623862643234623234653135303038363264633034343964313766393838353130626434366364633765336162323461313530303836326463306531376333303732343166393464653436386534636632336266313366393035643530303135396231666239323266396131316234303537333933633061313833346639663665333733636264666666343532613965616664643534666566313163663530303335393039666639666636636534373539313764656130306538396332626236633032303339336431356237316664663162373936646534376430373864646139353931356235343034643463343039393161626434303036306438303231633263306664376533353337313035653461643931383730666661643735363437616538656163353031333530323332333931386264353030643033396237323230333833363236626534396465336663663933633661663365646338663335353034643434633262373235366534653739313266613830336130376461656438303238333632636633383766366539393531306233343630646337653338623961333034633062303035373838313666313661663331366138313036353839323861356239323637616130326330623030353138373336343261616564343265353530356430313066393330613963626435303036306438303238636239333231353837623230303334633939616338373936613030333036633031636532626266333930343638396135366534666363383732353530303138623663306630636138376166626361666663653631306130383965363435336565643762333430306333313631383465663966353635663936346431383561613030316136653535653430613335303031386236633066306339623732303966613630363630343061633864396361313036303063333136313831653062323236663535303333303430663261626361636538643163613330613030633331363138306566393962626632353661303030363463626532356639333233353030313862366330373037636533373761323161383030316665316166373336333530303138623663303630636230373436623564343030306361383763346166326439633932646339303038363264333062306632393538636135366130303836653036626464633764353030363064383032383365396132653436613264333031633465383861633533303338303631306230633936653539313435366130303836343462653235663931333931363961613030333036633831633137313465373262353136313832653262323231663532303338303631306230633836376338386361326133353030343365386564633964643261303038363264333031306465313735396130303636303038623532323937616130316330623030353961656633383135303034333663343965343263333530303138623634303733396431343339346130646330313036623435636535353033383036313062333464373662393264623930303166323066663832653531303338303631306233346366313461333136653031396164353464636331333234663135303038363264643032633662323232333661303037383436376564366636343233353030313862363430623361633534303163306233386332346166336630333330366338313436663935353135303033633462376561376564643936613030306335623830363639383133393961623036383065373139383961633535303336306438303264343566336533343661623531613030396561373935356362353035306335623830343639386166303238303137623433633732383231613030633331366130646537653539303530303266613831353339353730643830363130623530366662333535303037303438663932303239636664613032383632643430346463643838316361333036383034333661343533656163303663306230303561386137353963396233363330303133393163663233373064353136333036633031366136383836306130303236613431356239353030643830363130623630643830323334353937653364646131613335303038363264343062643463326437666464313137393539653431373535303266303832356139316633643530303138623630306635316362366237343633363435346535343039633032313264386561633534303336306438303264343437336533636561653163386135653531663966613231323830343339613137333934373064383036313062353061666166353564373436316532666666373838313461303030653662363932613465343930363330366330313661653030623931336632643766376635633634626134613030306532626466386566633365333530303836326434306664666337363634393131613030323636343535363462363161303063333136613035653136616230303630633266323031353261376162303133303663303165613633366565343138333530303463636165663434613661383031333036633031656132313566373935386135303638303439633961663438356261373036633062303035613838373937613830306130326461663533303136306438303264343433346230353030366463393737626332633531303336306438303235343366366165376161303161303264663933346639623536613030306335623830656162663239356261393036383062366264323137393066333836306438303235343661613130613030336162323363333261323036633062303035613863656166616130306130363336663536303136306438303235343633353636343965316130303361393631666539393861333036633062303035653862666663346464383731366130306538353832623732393631613030633331366130666639633836306364303364613761383030333036633031666136663831306130306261653661386338623136613030306335623830666566613335313530303734346432626632316533353030383632643430666665343737326537616435306634303737326438623463353330333630643830326634343733653131373962353161303062613261666663306630306333353030383632643430376633383338306161303337316332323035313862363030376433323566303530303364333164376437353863306230303565383066303734373031663463363932633836393661303030633562383064653733333530316130373735656165303263306230303565386664643761383936316130303761323637663864356461653036633062303035653839646663616139663635366130306538393937633362663231613335303038363264343065666363353630313430636662643434303538303631306264303362306235343030643039376166623538626435303031386236303062643331343730353030336462373334623235323064383036313062643031623266353230313430356662383164313933303663303137616334313535623830666563383837343833396437303033303663303137613630616530613030666136323535363439313161303063333136613066623865353630313430646637383966326436306438303266346330393132613030653839623937343761366138303133303663303162616537313831353030663464353439626566363032383632643430373765356462393035623661303065386162323532613030306335623830656533393461303530303764663737323135303038363264343066373338333830616130666635366161303033303663303162613637613630613030666136656265616662663830363130626430336462333534303064303737616463383332333530303836326434303737666335623135303035346332656463383830363130626430323533333534303035303839393761383030333036633031626136336261306130303261623135383035383036313062363064383032333464396434653433646532383036313062643031356433353430303530383933633661316432303035313862363030356437306134306130303261663331623261303030633562383063653464353530313430363539366138303033303663303137633764303236386232663932613030376365333038643033396237323230333534323764663335333334623064383036313062653065623133343035333264323830336530316234373030303031613662393130613030633331366330643732373830323666623135313530306265373130343030613063393561326130303063356230303030396136636236306130306333313661303333346661623030613035323465613730373063356230303030316132646266663263373535356263306230303530306130623139363436653661383031333036633031646165373536363438306561636435333031363064383032623465663239313530303534636561646338383036313062643038316664326130306138646332666139303033303663303130633562383032363362356130353830363130626430626537643261303061386463306331353030383632643430666233633633306235303364656662323035306335623830306533636131303230306333313663306230303530633562303033613331333562393164313933303663303164616236343730353030393533623336333235333064383036313062643039653766353230313430326434633537303136306438303262346337616463383030663565303536363463306230303533303663303131616364313535626330623030353638393336373663303130633562303063333136363833343537366330316561363161613061303063333136613033646262353530303530306264333534303031386236303065643739356330353030623537306134306130306333313661306664363133626161303630306466326630326638343230353334643566656338643336613030303063306230303539616363373362363030643537333262333236306438303237346530333131353030353436653861306130306333313661303764386661613030303030306333313636383332323732333033353463663762366330316333313661303033666661303032383063616564353330313630643830326234636661646338303030303138623634306133656435343031343065356263376130643330366330313063356238303436376234613035383036313062643062653364393131643661303061386434376531353030383632643430666266323535303265666232303530306330623030353161636431353562383036616239313531393330366330313361653433393562383036613364613930326330623030356538636366663530303138303631306236306438303234646536353636343030633331366330623030353161656431313135303035343661616630613030633331366130333362623535303035303239353736633031633331366130343334663434656535363033343036353563623130353063356238303065653532623035366534373036613863363836353466633830313163306230303565383930353766653030353436333566663234383038363064383032373463356466613930306130623236313062363064383032373438313262623630306435373834613035383036313062643031643866613930306130313261656438303238363264343039373363396139633863306335303035636664373032383632643430313762666231373233623332343066666564353230313630643830323734386635376665303066346466336661383030333036633031626165376566353530306430373763653338303030633562383032653732633531366130666631653535303136306438303237346366386563383236333530306634636465366534376330336330623030356538666162303735653530306130376666363162623638303631306264303764383632643430376638373264383036313062643036353065393030326538316661666661303130633562383031653738353830353030376433336161303263306230303565386265326439313864366130306538386266666165303263306230303565386265643163383665333530306634633530653135303038363264343036663363613630323830396564623565303663306230303565383831396661383030613065373965386536633535303336306438303266346336303332613030653862393364326130303063356238306465306564623464366130306538613936643261303030633562383064653739326133393430306161306437376561363032633062303035653861643037353530306430353339656166303530633562383031656662613130613030376136363334663239303161303063333136613062373336323463663766303166343932616662313830363130626430363362623932653736633031376136353534303538303631306264303166316235353030643031336365333130303063356238303365663939653061303037616532323732613030306335623830666563386366643938656161303161306562356362313035306335623830336563396366643833656136303638306165646139313163316330353138623630303764373538663061303062613261386664616264366130303063356238306665663961653061303062616361366463383830363130626430363766393634653431643661303065383961316661623030333036633031666132626466326566376230316130306261653632313135303038363264343066663764356630353030356437313766363461373161303063333136613066666565353530313430353765346537366231643163303531386236303031356438316537393430306430303164663337633264363064383032353436343466326136653966303361303333356235353030313862363030643566393662313530303734363434333261656538303031333036633031326139323966306237336135303161303764646232323866613930313330366330316161393334376164643766653030623465666137326130303063356238306561666434383035303036643762353030353830363130623530626434643261303036386362376163333136333036633031656132316266663265373465333530303463356133653334366162373161303063333136613037613762393365373663303164616631313331353030383632643430376437386564306663306534366338656463613330366330623030356138386662623233663761613031363063323165346465653736303130633562383035613739323231356566363230343630363231633161303531386236303033356634316465333136363034326236343462656135303636303130346335313031333036306265316333393366623234303135303038376634373836346533343137663363336233323337333232643135313733666632356433306639623465346564616130323063356238306465393835643636363666393464643862656338616535343563616431643864616335323131633032316564323862663536626533366432326162666136316566623963376663666664393139643931316634376665623266633361306236306438303237343630373965346364613962383161336264333738303565386338336263613163636164386437643964333233616638393763333366326337616130333063356238306339356231326239623831636234386264343031353038396435393133393931313734376465616130656330623030353938623866333232653734366536616230326130373261646632643731623532373130373064343032643338313531396138623337633935663630326133313661303736653333366466613266633331353530303836326463306131376432303732353633613730373530303830376138646462623734373136616130323330366330316336623733383732613135313062353036626639366539613866616130313330366330316336373762313531306264303038636239326162623638303631306266303363323339316135366130303638383437633837636431626435303031386236303063666636393663383363333530303334633631323135303038363264633030316433353366316165356130303961363336656632386537316330623030356638313766396635313161626435303064303238663933393562386639303030383632643430633933373436303063646534376465333830363130623530666136353135303033346432626635333031363064383032313436366161303061303931386538613463353130333630643830326265316531353837343730316430336361376639316130653138623630306335643564613933643430306430343835663864656335353033363064383032633336653936306130303161656266316338376533353030383632643330656364636332303664303563376661623032633062303035343836393836306130303161366262333061303063333136323061353233353530306430343837373436333661393031333036633031353239616161303238303436376133386232346630643830363130623630643830323334643164366338623764343030313862363030383632643430353365643863646361333036633062303035323834633531303134306533646361373032633062303035663066353038613061396236343433656137303663303337393230303037336361643032383034366439313637393434306438303631306237303830313333353031396136333334663232353335303038363264383036313062643035343466343636653532303336306438303233636462376531353030333463363964326130303063356238306537376235323035303038643330316162393536306438303631306266303763376235353030643030386639646462353066616230313330366330313965366638663061303031616531376131353030383632646330663837363435643661623031613064363436323362376139303133303663303163366237336262393661306235303737316232333866616130313330366330313065336436653031613861666166613930303330366330313065636431353562383066616461316564396134303663306230303533386234626635373031343036643664343863353333623630303836326463303231366335353031343036646464613730326330623030353338626366633565633466626435303035303362663930373866366534333036306335623830303937383263663238343161303036616537613135346663663031316330623030353938383034373534303035303362316531353031306335623830343966383831306130303661653763373261303030633562383038396262323766326130316130303661323339663836656366393561633062303035393838343763326266326533366130306138386431643931343764353030313862363030393366333364313530306434633661383061303063333136363066326265653231623239383064616630376332643630643830326234363162623631306235303062316232333962643530303138623630306564623935313035303039356462393362633836306433303663303164613736353337326435313661303661386661393030333036633031646166373434653434653335303035346561613732613030306335623830636537633336623936613062353032356566313530373063356238303065336431346239356630643030393564383563376531643036333036633031336137343464373264353136613030616662323238666162303133303663303133616237336562393135306561303061626235353030313862363030646437333833306130306661366538623061303063333136613037626265316562393462306430303764663533333135303038363264343066376563346661656461303266346462353631353030383632643430373737643331373262373161303066613632356237323262333236306438303237343564626536613762386231613030666132323966383865636630323863306230303565383831636634376565353130333430636665643534303136306438303266346336393339313762643530306430373364623535303031386236303062643733373566323565356238303565666262393061303063333136613037376632656437313962643530306430353361656438303238363264343038663564316264396131303638303965313833353663303163333136613066373336343466366138303161303637623661393030333036633031376136666133306130303761633230663065303163333136613034666265616230323830396564386161303263306230303565383866376333626632613831613030626163656633623538303631306264303237386634373736613930316130656237656161303263306230303565383166636664393032373464663433326130303063356238306665663938313061303062613261336635666562353636346330623030356538613337636335373635343064303035646664626162613466306438303631306264303366373964343365613130363830616537313237306336306438303235343630383330613030626165363031313530303836326434306666646461373032383061653864646135313335303038363264343033356466383830316430623930373233376264343030313862363030666462373333623235653064303031646662366231353030383632643430333539653861366335323033343063373165353630313630643830323534653734373261303065386338396439313264366130303063356238306561653461623063356264353030643062363837323237626435303031386236303064356439393638613433346630303638636664666138303033303663303161616537373636343830663633633938666337303130333036633031366166333864313930303933393731666535663037633264363064383032643463306536633835643661303039386234396661383030333036633031656136313466373238303134633036346535326262356637616230313330366330316561653362666139303036303532373634366565353130333630643830326434343766656536366361333161303032363663396230613030633331366130356531653839386361613031363063326133663664623661303030633562383066616639613130613030323632343966346437303962316130306333313661303765626539653861313339323031333833346166663830313063356238303961316138643363616130363830343364613131623935393064383036313062353035663737613830306530393039653863646361653036633062303035613861663266323762376438303131636361336432613030306335623830376164623135643961613036383037313864343636653534303336306438303264346466306463396162376630306336623333623732626631613030633331366130666562653161643961373036383065376639393230613030633331366130333931633863303266303663613339313266616130313330366330313961653339616534373636343830383365356637376365663534303336306438303233346337633339316564366130306638313764376138303033303663303139616537356131353030336336333433313930306333313661303631663237336236306661393031323037643233663238343161303063333136613037396636343436653531303333306534623634353665353330333630643830323334643735376362366665613030383635356265376236356162316130306333313661306239663232313532373761393031313835326639303737623566353330333630643830323334646663646339353535623630333836643863646361623036633062303035363862656663346464643236333530303433323664663765666332353335303038363264633065306238336562323435306463303130633938663632646361653036633062303035313831636639333964623037643530303063383937636235663631613335303038363264633065306239323237396166326433303163316538386463613930366330623030353138336330653531303138363431626535616662343933353030383632646330653066613434363462333161383030313335396138616637373737623666326436306438303230636230646439316362636236666665303030366364363339313862643430303138623630303833656638623931663536613030303663633638653463333661303030633562383065313731366536343833316138303031316162353966663737353064333036633031383663623933653562383764353831356330303064383934386133333034303030633562383032313933646636623762343136346262326138303861666436396534653361396264653766666566386539636133343263306230303531383565373739376533373639623261383030616664366465343066323239663964653462386364616633316362373739666563353232313630643830323063623764623232363761376532353633653830326138636664373065643866323339663461313362623933323431663832663739366534643533653830363130623430653964656338656232323566386565633338636362663337376663336639313763396633623934306637656333636538663737663136373936623261656532383139366662346536616633646666333566326461653435313061383033343435303530306366393264666666663838366338336232323666386363633839326337636365626665376665633830643931336638663563313735396163333661303433663963616562653365333763616437393535653438346338663139313536363436666534653739316166323633663538303333303663303130656533616663616534366632383566316533393261623233663135636663306535326262616262636237666466386632323637613930626538643064363732623438656537636533323030313862363030366433396463333739343162353530343734633163663534303064303365636664383032373436363462663237633162643033396137623230333138623630303935373933323339386431346538396331663930303131386236303039356661613130613830306537633235663238383161303030633562383032613739663732646430383964316338336533353030313862363030353537323262333264303039303734373031313862363030393563626566626566353261306561303564356235343030363064383032353432646466343262383539306434303162656538613363613430363030633331366130306537656163303261303064613339316264366130303330366330316561633033623238383137363738626531366330623030356138386431646339373362366330653436643534303138303631306235303137663935363432303763303030393362316465623030353330366330316561653636663534303034633432336535316664363933353030313862363030373565323861326433303139336635323031383036313062353033373066343636653535303333303031663930373631656264353030363064383032643463646665353462636261303365303730373632376566616630353330366330313661656132373261303032366530363131353030313862363030373539353466333864646163303665303330656535303031383036313062353035376639326163633633366130303065363135626632646536623030633331366130653662366161303033383834656439313764366130303330366330316561656330373261303030656331366463383030383632643430656465353537373836633532303333303865643163383564366130303330366330316561366534666632396332643330626535646139373863363136303063333136613066366565353330313330306538373436303131386236303038643731376232613065383830313338643833373535303036306438303233346335393635346463373230383330653663316338303336613030333036633031396165343565313530303037633930376362336461643036303063333136613034393665346563353039613830306439623735343030363064383032333434646265653566303039333530303631373332613665343530366330623030353638396366353261303035326631363863323665333530303138623630303464653437363634323066623965306130303063356238306136626133666232343730643330643433363235613732313033313862363030306466373235313563303530646231303739353430643030383632643430393364643965646338653063633365633037326130303330366330313961656561316338333633356330353063613837343636643530303338303631306233303038646338653063633332396266653265373731333530303138623630303833653061656534663031383138343634653433303633303663303130366336636563386464366138306131393266663965626635353064303038363264633032306639353636343837316136303638653465376562396635363033383036313062333034386632303133326637616230313836633239366338636436613030333036633031303635316265366162623564306433306630663265333037316264353030363064383032306361323962323235626435303030336566396232613030333036633031303664393164633935353562313836346639383735373766613930363030633331363630393066643739663235653462313836346639353966616137643430303630643830323063336162373239633236303161386435636135303630306333313636303138666334396534343133356330633063396166663464616134303630306333313636303138656338666463613830363138333864376138303063306230303531383236663961616564313633356330633063383837343637643435306430303836326463303330373933613732623531613630363035633137643961373036303063333136363064386534313339323166353230333334646562366338393764353030363064383032306361333763373563373535356236386265626235323731373031343030383632646330353066613763363462333161613062313436323364376162303163306230303531383636346666386136313831613664343366323861316630306333313638303734393336663863613162313665353130313830363130623430346138663435366535363033333463653537323362376161303163306230303561303930616664613665353430333334636131646139373837353137303038363264303036313637653439623661383063363538396638613166343830313630643830323730393062663461616564613432353337633266623235373064303038363264303063663936396662356264346230643530376230663436336561333036303063333136383066313764326137396166326464343564626530643739386631613030306335623030633639376266353962653564306435303562356232333937616130316330623030356530643032653866336361633036613861353362323362626434303036306438303237303638616564613432336438643436326535333033383036313062633063343763336162323564306435303262663930373465386661613031633062303035363036326632333763666637613830313661363334373261306537373033633062303035363031326632353564623531333534303264653439333930646434353031363064383032333034396639303061396337643530303935316238643563613930363030633331363830663663373264353061646663366565393037643530303630643830326430396533643261383063616464613130323030633331363830663633646135303261386463323332613030333036633031363864663366613930303261653735393737303063333136383030656563353530313534636532333031303038363264303031643738353230353530623932373534303036306438303264303365636664383432623536653461616564383032313862363030373463343135356261383536376562656636363933353030313862363030623463663135356261386436666635323031383036313062343036373563323938323661656435363031383036313062343036376636616230303063356230303063356238303236373332623332353463626331353130303836326430303830363130623830363130623030353031356566623030353330366330316538643033653135383036313062383036313062643036343965623130353766306630323630643830323030313862363030383632643030633066306639346165343439333530303138623630306638356130643464393534376564643336613030663063643132303034303533333962633064633062303035613030626136613930303063356230303063356230303566616238313736623830643139633033373462303037346331313431353830363130623830363130626430363434376161303032616533353636343030633331363830326537306335313630306330623030353638333438373437303130303138623630303864653635363634303030306333313661306431356362313835656134633535303138303631306234306537613661623030306335623030306335623830323637336335313661616533663033363030633331363830326566386437326138306361663863313132383036313062343031376363353430313534323633663061653037363634303063333136303063333136316165626134653433393737303063333136383038656364353230313534636130663937303030633562303030633562333036633031333036633031376335333064353465353138313530303138623630303734663637356461643736613330366330313330366330313161656265383438346230643530613933393261303033303663303165383663643830326435666130663261303033303663303136386466366331353430653531363236383762383031313862363030313862366430363032623933646239313031306335623030646165366430316161383837323532613030333036633031363863663862353430306235663030613135303031386236303062346137613530326138383564356339373362363030383632643030366439396162303261383835376338306434313936613030333036633031393839633639393161393661383064616238323037323462653435343535303031386236303034636363626363383763333534303664636332663437656465353931316634356365353430393830363130626330613162353534303062356664376237333739653439326338376439316235326130313330366330313138396661626235353066663831396230663935626161613463346232353030383632643030636666366162326138306336306364633737343762653931646339653063363064383032663032636165643834326233326334396335656463396437323432373961303331386236303061346539393161336435303038646433386162633233373234336632656332643830363130623330633433653138663935363261616566653030636439343966626466643734663966373333303033643336343530353030623566316236633864393931643963393231333433303038313634366365383962636238666366353239393530303138623630303833656162386338343565353938333536383631623063633262393366666465636533666238646161313132383065653733326233323430373566326164633633373437616538653863313862353330643064363434626531363539613530613030633331363630313031633135623933343135616630363339636461303835613139313766393837353764363439643261303030633562383032363362326266323964633865663139623433303934663236646339353739363566306230306538313263666438303266346337663263386639613933383239643561303835653139366266303635633163393931316639386333613030306335623830323666383538653438643931633561613030306531616237313734363865386366633839336130303063356238306261636138376334653464333865313732353537363938316631633765643339653566373633376661383065303063333136613036656665373365346635633935353561653066306533663633643931613732333766616330653030633331366130306536363437616538383263346261656432303239333162623766623233376661613065303063333136613034616137343632653439633561646337303039333931346634623365623731636237376661363065303063333136613064666136393638336636663465343261326464306265666366356533383263383965633865376435303136306438303266343462376538366636643263383839616130306261333436653266326563376564616465613030393839383233353430306430623664333232333731386235343030666336656465353931363335353031363064383032663435323765333765643635393132356161303037613630376532613065613266336363336538303631306264303735343734366165386539633964336334663062663464363932373264633165616430613030633331366130356265363436366538396263636261383035666136343464326165653065663133643162383036313062643062313763343864343864393137356161303066616563616363383237643530303630643830323734363235396534666163383261353530303135333932336632376533353030313862363030656463383537366161663864326335353035353061313536653463336139333838643164303063333136363063323136393461336436633963373430356463363664376536666636346135353030313862363030313333316237316362356362353530316434343837653064643036373533663138333337303030633562383031373734373433393661336435333062643435313765333465326161653433353430303038363264633030626338656661396364353734336436613830326138623139313534626335333762383632613030306335623830653762613232373261613161383030363338323931353537366561376161303233303663303131383933306636353339346530643430383339633531386535623030633331363830663462316632316263343936326138303836313934396335366463396265616630333063356238303231373635656534366361333136363861386663623565623564393165623233643364353031313862363030633365373664393130623863356136303030626361393163623737333535303131386236303063336635346465303237386335613630383039633163663935323634383532613030633331363630333834366564323738643561363030306164346363356262623863663534303536306438303230636165373734343265333136613831303162366138666333613737353936343861336130306333313636306230653438336132326538616363353330353330653035613931306634356565383831636162306536303930663930393165333034636632376236613466333736613831323139336466636633643362663266353534666336303066363065306238363230623063383335396139333834636535306361333136313835326639643665343763623663303066323332376139303333303663303139613635373565343362613962383532646235323037333063346632643763303763356166326137323364663461366534663036303638383562393138313431333533356632633163383762306335613830653730646463396337633135373736336534616163386664393137646161303130633562383066616338353732313365316333393531313530303837316462386639333138643362323364373437333634343165353130643630643830323534363736316534656463393664633730303933373534323939303732326637343465653862646331626439613331616330623030356538386661333233656638646263323631356366386630316430396565353635663236623832656538613363353438656463646232336662643530333138623630306464333733373135636664306536356238663537616230336130616264363936633932336637656563386436353462633133663737366435303038363264343065373936393638333736656363613032303062643735646334316639363836343533326135656133623634393335383036313062333033396562323265376134653235646234306264353031643037373633356637626633356433326639383062653564393136663436626531306439613931656330623030353138646638636338393939313737343636363235383734323031643463353832333261623532373131376364623663386235393164623232376264353033313862363030323932643465633530396337613731616233303062356437326139333966633931643464633563313533623761346532666462383436326536306438303234333235356639643164383962633365313562376239313962343030636431636239656632656233333966323864633866613534626334616538323966353030383632643330613866326435643937633230633936623233366264343031333033303936393562393338313562373238376633376232613131636239303038363264333031306632326436626166346563353535646161356561303031383638323739366339616630646361623732386666613031636262386661623036333036633831613639393161373934376534353561396238353262623430323530303433363536313939666363663832376232333562353266313765646335623535303331386236343064646364383939633962386164333333353761623033383037303663393939316338663939313864613933383539373962623661303063333136613839336435653561303564393438613262623430306630356336333537373166333339306232373437373634343665386364633134373935613364383036313062353466356235653538636338643939316239633965396336303034636463613233326639373964633862323262376137653232616565313664353030383632646430306666336361343166623936353466636534316430306261333137323466346263356662373161663839646331396439613531616330623030356261323962663762373636353261646533643962356664396433353230393030356464363261333339323861646239346633353564633562353266316461613062646561303130633562613035643062636232313762346166326565353930306661323764663164663438313332373761356532646462386562393337376533383236313062333030396562353266316565643937633238393437376366303235306135623536356236393765333736656364646238626235353033383632646330373331643135333932626632646265353938366461393034383031613939356665366464393162623233396232333566346263356562383330306333313631383732663961616563396232333462353266316665353930306138626265336361396339303861303361376265313566393563363439663661633062303035383663623939653561306364616665613539613430653030316136383439393939333532663166616239346439316366343631653536306431386236633065303961356266653833666665346338663465343736363330303036633766323332663937396463396439316562323235663463616565323832363130623063636364373830376338626631623965353366663038643539303030366439643862336238323339313862323235663866646331303739353033353630643830326364393361666365653664333864646639323363336230626330663038656463306634353465386236633264303736653365353966393531643538303631306264346437623435343163303637353763326136653337396561373132303037386536366561353963313363613831396261666532376533623732376637326162333231386236343036646534643766336163383962633332373261323361303065303035326438636663356539393363373062663166623962333163626338303631306235343230646635616635616135343363336262623463316430303330323932373937373936333261396563316664346565343262366130316333313665386264666362636430356232333262353337316162623164623864303161303333326263616534373765336265333366323430653464616338306564353830363130623734643734396535613063643433373661393361303061306562633637653630396339666335636438666636653464623933616638666463616531613330366338316636316431333739356633393661363732343537363730316130356639363936633938666662356331636239333166326639633832656435383036313062316364653131613933383038326164663061393536663337366561393034303032613333626666633335306664636663346566383762323335373436333661393036306335626530663966326435643837633635333662663737643634313530303035303366616433326337343637366136653233396463626263616466303338363264306361643763616266316161633836623532373139356236613531323030363863636330636465663865646631656239333566326364633838366338376566353830363130626333363232343135656639633364616531636236303034303333653535623935336635386536616239316566343664363237656663353035633331363036353432623135656639643764353932613665333537363130313430303063393635336362653464373035366438636463393139636138306338363264306338383333323263373437313632343537363730313630313832633266623333366632396563383764613933383531663937316435383036313062346462323330313565663963636463666465653465373638653761623034303038366365383233326639373063386437343762363434616534396335623362383830363130626235333433353732376132613465333539653133353961343132303061306234613234636265376265626431633863643931626638636563353330643138623635303037386235333731396235316265646436383831336130303830343331386262386133623132623932303135636665306536616262383066613930363063356265386237353636343564653463643931643963393662376130303830633963623866326139643937386135623935623739363033333762663137663730396435383036313062626433323337316437386537656336613633313630306538393235363939313335326631316365653064393133623233396235353033383632643734633363633732633462653232313562373161326635313039303064303433663938633865346634366365386564633162663936366534396563383265643536306438303239333335313266393964353431636632623035363164303034303966623563613963313535393966386139333934626631356439613431613063356265303530663234313065663961356561326632623766656635343633303061303065643639346339636665323365316366393465326164653862306238363264663038633639393133333233616634656335333362346362353430323030643464346432333266396363386637376136653235366535376365306434613836613330366336313338396439633861313761353266326166663031303130306430313466336361316339623065396361383763373565343665643536306438633265306362336664643763363365346238633864346632316630383030303034646236613434633365313732343166333037353564653430623931336461616331623038356331373034343634363132613965396266643466613933386531623861353136303036303030623563613263386635633938386164373035653561626238356531393834363130623064393536663266636530373263396335326665306130303330366332336637626465396330376237313666346363353664636138666139303663333136656132643166666139343666633137393635663936623462323530303830383166623463643634353165386364633136623932333732626636613330366361313365663261643336616232333266383961633863636335373039303063306238633634653534636536663833633861373239376662663163626138666162303663333136666136663731326136656162663963646534343436333030383063393661393533393262373234663634353365343662393138646161633162303835646537663031336533646632356239316439613962383532306230303430363734366361653438623036646263623831666230356235363064383432663763633239633765636566393436336436393535393030383064653538373235306365346463353935646332623232336235353833363130623933333733373135326631393766356466396662303532613031303065383962623166333461663234313963323734373165386135633935386131333935633162303835343336386135653261346265643761373033636637633030303035306164303536356632323336306262323364373435366534613065396263326230383536373463346463353466303366336662363535663562376563313334363630313030656161393535323662663561663138326338616439313266343533363437396535323066383632646333363434363261396564393538313537393435326161656430303230306430626339313762356539396462353337316438643466616338306564353630643833326138363639363433333664666265663233323633313630303630613061633262393361666463646531356639366566323263326538363264303333343636643761366532623533636639316462336337613930343030363061303264326239336466363666313430653462653534336338626262346233353138623633343439626563643338396636343963356663626433346163356262643030303030313832656633636165343831396230663035636432373261646631386239356633353138623664343535626533323762366165346435613937383264636630613935303030303530336162366363343832616465383539623066396266613963356133303663613938336539653539383364323531353237313932663532303930303030383762306238636363323534396361383763356265343961653462303239306335623261313862336639393964393337613665326439383937393261303130303630393235616535616666393264313936663861336331386239333233393663306163333936316533613261313561373139653732626233323363393362363630313030653865656338636435393161643931646239326566326635633832336161633162306135316236333336626639366537663863383039613962383564303430303030376133643730663335643831663933366535336235336631356564633064393132376435383336316362363433653137323339313935613933386431373834343235303030303534333437326466356265366636633831646139623834643739616236613330366337393231663961373632663961616563346232333237616230333030383031613539353736363733326135653135663464643534646361613063383632646366376330366365386362633261313561373139326635353039303030303335623661633463316562393666386664633137663936326534353164353138623630633966663939316637613465323736653364356561303030306130363165363935333932396632666163383936633835353931386461613331366331393763323734366365326538376164663763643032303033303038353639346339313736646632393564623162323339663862656335373864363163626530393839613861646238646633613033643236373934643066303030303833363936313939333539313062353337316530353462653861626234643335383632646364333533373135326662616365636631653263353030373030303034333338373234663864336339383861663765326536313339356637616163366230613531396632326431383666343863356339633632643735303030303330633435613635663266376336306634373665343863353935646338373534363364383532346666396639643966636530666362313036326430303030336363666532633861356139333834346635646535346263313766373965633836336161333136636139356537653765663662356139373836306465613030353030383034333662393533396162316362383739646337653362313565666337633562306135636664653535306564613235303632643030303062346535643833326639353964636663636161306566613565323434653561373534363364386432666234313962396661313964366664303032303034303537326332653733376165343864653963303831353339623535363364386432356461373435636538646363343963356362613830313030383065653162626238613762356365343931633866353931326661616335623061353333323339313866613665323935336432643735303030303430356632633261623362306663376566636436633833353931316461613331366339396238653539313866393462663161623430303030353038646231656663356633616463613666346163356162383261653438633561313533666264353633643833326265376331386434333939316235303632643030303064343665653465363963313464393138623933323732356236343866366130633562306166393336383762376137653235393561383331363030303065613664363539396663636161306663316365656537323366626434363264383065616261336433383139333865393761383033303030303161363565636230613964373434366538383763343532353836656462303339326666326261633831613535303030303430613339643163353935613065646334623233646235343632643830656261666366636563663961396238666462386135306530303030313830386639376266626237393564666537653764623933336661333132633337363130636434616335346636666632616430613062643530313030303030333639343532613165333937633435653437643931356432613331366330376335626232333137313862343030303033303134356136353136393433623630626434613761653330383135663434356665323037663233313532663735333636613031303036306238653430333632616638396663616532613063646232366361353763343366313066393736326164653733643535323039303030303063613562633035663231393362353764393631383636643933653464336430366538393563363164303032303030306535326563383866323764653963386162333737333036633662326464663632663061353534356361353035303030303338643861396535623839646166306163336236386531363934383366366663663266373030303030306533353931336239333631356366646636326438643663363962353266313965616164333933356238663031303038306333356231646239336162323563313538363664316435633136623933383135656661613032303030303938613831356535623835646136306163336236326161643534396337383763356137323766336330303030643039653763663061636462393230646462346139633938386137376433616534643665336430363030303033616233613431636237663335343631643866366362383735326631316131663366353130313030303062613235646638653763356465343638353531386236626466366539633833396339353535613030303061306662353639376533373638613261306364623565633832663530626533313135656661363335366130313030383035653339323131356237323536336438373664356332373264343965363164343032303030303764393061666463376535323064383636643337336635306639353638306235616130303030303066616134393538613062366236663532383536316462613937636632373133653234636166623639303130303830376563623237323435663934316335613662643837363230626639626636386635326631346532393030303038303261326338613563313539396136306163333736623234653466633566646563386235343031303030303534366336356534623336613330366332376533653437326434326535303035303030303530313363373436336561303036633337363232663261623763326538666363353730353030303035303233616463386639393136356161333036633066363532343732353932613165643030363030303061383962663965353636623165333063646237316535353363366632393535616237316630333030303037356236323637323839316130636462653739613933386135336336356364323037303030303961653062343732653036326438336536333461653439613534396333323036303030306430303466393465643330663437613661626332623063646165386561636635333130303030303031616536383463383739366133303663663332623764343637633034303030303830383633613362623234323064633333623663636638633963393138613233623330313030303039613238656639393062643433303963633333363966383039636466666665346235336530303030343064336535663338326365333436633837656661666637643263383732396637663030303036303030623435323731393064343063633337363738666335313634396463663365303030303330343066323564613931663337366338373433336533356563333439663739303030303630303065356164333362343866356230656362623039643935386135333930356233656566303030306330303036613935396263376230316436303937343739366639616330333030303030333263396632356234633662303164346361373236656661623035303030303036646666633334613461666666313966343631336232646632643165343136363430303030363033383263386339633635643830653136616666363031303030303836343962653661666264363334363436666330313965346266643831356139333830393139303030303630393865346537366364663666643830653836666339326532303533656433303030306330313033613235333264356230366462363333323234623764393630313030383032313935616664613065636462336236383333383663386634636335336465356633376439363031303038303231663665363732316631396236306437343636663236633264303030306330343865343634633362363739363634366465653866333062303030306630386362376134323133383231373964306665303266333466323364366638656330323030303033633633356436346164363164623163643335326631366332643030303030303037626363666230366438653933353237313066333930303030303030373263383932633333366339626531376433656166303030303030636664333861356336306438643635663765616537366165636632623030303063306238353634373636316262366635393637666661643066323539303530303030313835373262306466303535646234313138623638623232386237643465303130303030306536393664316164303537666630636332356664346439633964353561303030303830633363393837343862646333623061643966323936393038646563393034303030306430323561663337366365626537366461396238313531393030303038306333396239333036663033356139346431666236613766383563303230303030346335386265333033383730353736643962336336636633383135313565663130333030303033303339346232333333306464623761373837643732316133323030303063303634616438613963366564386436633337323966343730303030383062366663623636313562626466633133383639366366323230303030343035623936393533313663326237343763373231613332303030303430626266323965356136336438353666663366303230303030303065646662616463383534633362363161663964396461383533653833303030303030316433393339306463386439343534643163623632623933643339303031303030306261363162353631356238643137666265633031303030303734343533656266363838613631646235666233643330303964646330353030303035306231376338303534653365663838366464616230636463666436616566306439303330303030653839616533306364626665356165653333303730303030643035356137313862366664666465666661373239663339303030303830616563613866376333366661373665343236306464623339613933383865316130303030383065653639343534653332366366623633383963663162303030303430346662636461623065643866393766616163303130303030663434346265343337363831363164623762616237636436303030303030376161323935316137633362373235333836656463636338376339663335303030303830396533396465623065646164666337633664636265373063303030306130363766326536396136396438663663656231336536333030303030303364393565663932366465343962363839613332366362646266313630303030613066373565363564386636636534323966326630303030383039653662653464393436346431386236386235336233346536663036303030303638616131393931643538363664663732643466306538653032303030306538383737636237656331616333623666623565656162333035303030306430333762663639643837366466333239663262303030303830626533393261373262343631646233643533323362333763616530303030303066613236336636336262633262306564396535636536303239663262303030303830626536616434396462333735316662363462376439653030303030306661656535373063646265656639306439663237303030303830626539623933316166343963366464643837656437633966323730303030383062653162383932633331366333623337323533326464653730393030303061303132383636643137326338653263663735393032303030306138343436333965623361646662623030353030303061303161386235323433396562336164663362306664373539663233303030303830636131633162393936376438373661366535373330343030303035306139343631636538356265373631336263623637303830303030613035326266363664386236366634313634383663663130303030303430613566323733623635333063646266363837656430613966323130303030383034613964316339393664643862363637613163663066303030303430326463633331366364626633636233653362303030303030623535306662353762316436373564383165656462333033303030303530306232663336366364623162623534376639656330303030303064346332313263333736663265363436643666386563303030303030643436366133643566616164333537353163623637333763366530303030303036613633356532616465356336336438346563323663396631623030303038303561613966353962366265613338366366666264636630633030303034306164636333333663323763376331353130303030303066356632323263333736653261363138623630303030303062353733386336313362373162333232613766616363303030303030643463616431383665646534383632643030303030306236396136313062303030303430643734633239363364383465383065373662303130303030656161373135393936396438346538633262623630303030303066353634643833366264323830303030303063336436623039643838356666323539303130303030613861353139383636646333376630323030303030303330653461363162623631336662656637326234636630613030303038303631646264343631336232643732396163663061303030303430326434643333366331623563313230303030303065393438633362366331323530313030303065306630323863333136303030306130643961363138623638373337646465373034303030306130623666653935363137623738356566353033303030303430613338376564353166656537303030303030613832643837343734643830326262363030303030303836366461333837616436373663303130303030656165623038666663353065656664666638396330303030303064346436333463336636663036366638396330303030303036306438303230303030643030626165643831616236303030303030386433366335623033643363613732323033303030303138623638643164623662393230613732323033303030306434393764376664346336306438616566343339303130303030613832646166666239396330623030353030653066666233373730376139373163333630313838363337393361316134336434346566376638383965323536373038616431393863366264616339323261623561366130336331646639373365306636343266333264616263666339323063393063626334623662356663303130303030373865313865656463346133336430323030303034303733643837613338306130303030303036313062303030303830623031356236303030303030303864623337373063373136303030303830656162303335623130353030303063386236306264626231346666363038303030303430623461626230316437333134313930303030323035623663623733393861306330303030343033353437393130313030303066383162656564383465376362363437303030303030363830653562373736633031303030306138306535623437393130313030303061383065356231333562303030303030616163336436633431363030303038306561623033356231303530303030343064383032303030303230366338353264303030303030633266363064646362313035303030306130336136636266663832393030303030303638306564623862396630323030303032306461323236633362643630313030303063303966656463323136303030303030336536386438376133383061303030303830656162306264646661666664656161373030303030303838653632386632383038393264303030303030643536313762663533333030303030306538633765363835393964383032303030303530316462363236623630303030303030383562303030303030646539356337613338343264303030303430623534356438316537336337313630303030323039663839656438303839326430303030303064353631366236323062303030306130316661623137363636323062303030303930636635313634363130623030303035303664313562366337316334353036303030303130623664353631376262313366303030303030313062363030303030303038646239333338386130633030303039306566323636636233643730303030303063303938336262363033386532323033303030306534663331646462303139666662303130303030633865373362623630333236623630303030303066393136363137626563633166653030303030303838653738656564383035373931303130303030663262393633306230303030303063323136303030303830623362383633336266303638376630303030303063346633326137326638316130303030303032383935313039356262396630313030303032303965383965643830353739313031303030306632646438346564623161626664303130303030313065666137623033643736623133663030303030306532333938616463663863663031303030306530393561336338303030303030353433336231316437303134313930303030323064663261366338663739313531393030303032303966613363386531366230303030303036306363353136343030303030306161326463323136303030303830363632366236303030303030353464623834326430303030303063643363316530353030303034303335313364623831646466653030303030303838363736323362373062353366303030303030313062363030303030306263323739666662303935663033303030303030363361626230303530303030303036313062303030306330343931633435303630303030613039616366666430303030303035306364316435623030303030306161393964383032303030303230366333663661643866613865326430303030343033653866343730393562303030303830356134666266666637363631396262643036303030303030633633633165303530303030303063323136303030303030383432643030303030306666363834623565396362303035303030306130396162303035303030303630653632363663303130303030363862363236326663653737366330313030303039386439393331373237366330313030303039383731313462393630306430303030303039343461383863616464636630303030303031306564626262306364356630333030303030306135346336633031303030303938663132613332303030303030643533633165303530303030343033353966666230313030303061303961383932643030303030306435333636313262616530313030303039613939643834653738313531393030303032303962353739313237313637623034303030303230396138396564383438393264303030303430333661663232303330303030353065643837623030353030303061303939353739313031303030306138653638653264303030303030643562633861306330303030383062303135623630303030303039636335353136343030303030303834616462303035303030306530326338653232303330303030323036633835326430303030303036373731313431393030303038303661396262303164646265643131303030303830363838626230316462626439323330303030303033343837656465363637303030303030383866363263366330313030303036386536386532643030303030306435626338613063303030303430623565383437376638353264303030303030333338653232346637383135313930303030323039623839656463343661386630303030303030386462653662303735316331613030303034306438386134613030303030303834326430303030303030383562303030303030383465646666313662363165386630323030303063386635326437643831336566373033303030306330633837643138363936323062303030303430616432643764383133656637303330303030633063383232366365376463623130353030303063383135646636633937383033356463656664383365643932623030303030303931653264663435666132356330303039376531376338313865616136383164303030303030303034393435346534346165343236303832);

-- --------------------------------------------------------

--
-- Table structure for table `stylist_services`
--

CREATE TABLE `stylist_services` (
  `service_id` int(11) NOT NULL,
  `s_id` int(11) NOT NULL
) ENGINE=InnoDB DEFAULT CHARSET=utf8mb4 COLLATE=utf8mb4_general_ci;

--
-- Indexes for dumped tables
--

--
-- Indexes for table `admin`
--
ALTER TABLE `admin`
  ADD PRIMARY KEY (`aemail`);

--
-- Indexes for table `appointment`
--
ALTER TABLE `appointment`
  ADD PRIMARY KEY (`appoid`),
  ADD KEY `c_id` (`c_id`),
  ADD KEY `s_id` (`s_id`),
  ADD KEY `service_id` (`service_id`);

--
-- Indexes for table `client`
--
ALTER TABLE `client`
  ADD PRIMARY KEY (`c_id`),
  ADD KEY `c_email` (`c_email`);

--
-- Indexes for table `members`
--
ALTER TABLE `members`
  ADD PRIMARY KEY (`m_id`),
  ADD UNIQUE KEY `m_email` (`m_email`);

--
-- Indexes for table `services`
--
ALTER TABLE `services`
  ADD PRIMARY KEY (`service_id`);

--
-- Indexes for table `stylist`
--
ALTER TABLE `stylist`
  ADD PRIMARY KEY (`s_id`),
  ADD KEY `s_email` (`s_email`);

--
-- Indexes for table `stylist_services`
--
ALTER TABLE `stylist_services`
  ADD PRIMARY KEY (`service_id`,`s_id`),
  ADD KEY `s_id` (`s_id`);

--
-- AUTO_INCREMENT for dumped tables
--

--
-- AUTO_INCREMENT for table `appointment`
--
ALTER TABLE `appointment`
  MODIFY `appoid` int(11) NOT NULL AUTO_INCREMENT, AUTO_INCREMENT=10;

--
-- AUTO_INCREMENT for table `members`
--
ALTER TABLE `members`
  MODIFY `m_id` int(11) NOT NULL AUTO_INCREMENT, AUTO_INCREMENT=16;

--
-- AUTO_INCREMENT for table `services`
--
ALTER TABLE `services`
  MODIFY `service_id` int(11) NOT NULL AUTO_INCREMENT, AUTO_INCREMENT=17;

--
-- Constraints for dumped tables
--

--
-- Constraints for table `admin`
--
ALTER TABLE `admin`
  ADD CONSTRAINT `admin_ibfk_1` FOREIGN KEY (`aemail`) REFERENCES `members` (`m_email`);

--
-- Constraints for table `appointment`
--
ALTER TABLE `appointment`
  ADD CONSTRAINT `appointment_ibfk_1` FOREIGN KEY (`c_id`) REFERENCES `client` (`c_id`),
  ADD CONSTRAINT `appointment_ibfk_2` FOREIGN KEY (`s_id`) REFERENCES `stylist` (`s_id`),
  ADD CONSTRAINT `appointment_ibfk_3` FOREIGN KEY (`service_id`) REFERENCES `services` (`service_id`);

--
-- Constraints for table `client`
--
ALTER TABLE `client`
  ADD CONSTRAINT `client_ibfk_1` FOREIGN KEY (`c_id`) REFERENCES `members` (`m_id`),
  ADD CONSTRAINT `client_ibfk_2` FOREIGN KEY (`c_email`) REFERENCES `members` (`m_email`);

--
-- Constraints for table `stylist`
--
ALTER TABLE `stylist`
  ADD CONSTRAINT `stylist_ibfk_1` FOREIGN KEY (`s_id`) REFERENCES `members` (`m_id`),
  ADD CONSTRAINT `stylist_ibfk_2` FOREIGN KEY (`s_email`) REFERENCES `members` (`m_email`);

--
-- Constraints for table `stylist_services`
--
ALTER TABLE `stylist_services`
  ADD CONSTRAINT `stylist_services_ibfk_1` FOREIGN KEY (`service_id`) REFERENCES `services` (`service_id`),
  ADD CONSTRAINT `stylist_services_ibfk_2` FOREIGN KEY (`s_id`) REFERENCES `stylist` (`s_id`);
COMMIT;

/*!40101 SET CHARACTER_SET_CLIENT=@OLD_CHARACTER_SET_CLIENT */;
/*!40101 SET CHARACTER_SET_RESULTS=@OLD_CHARACTER_SET_RESULTS */;
/*!40101 SET COLLATION_CONNECTION=@OLD_COLLATION_CONNECTION */;
